"DATA_YEAR","NIBRS_MONTH_ID","AGENCY_ID","MONTH_NUM","DATA_YEAR","REPORTED_STATUS","REPORT_DATE","UPDATE_FLAG","ORIG_FORMAT","DATA_HOME","DDOCNAME","DID","MONTH_PUB_STATUS"
2018,7928831,10703,1,2018,"I",03-JAN-01,"Y","F","C","2018_01_NB0640000_NIBRS",25642522,0
2018,7952723,10703,2,2018,"I",03-FEB-02,"Y","F","C","2018_02_NB0640000_NIBRS",25647221,0
2018,7976542,10703,3,2018,"I",03-MAR-03,"Y","F","C","2018_03_NB0640000_NIBRS",25652716,0
2018,8001405,10703,4,2018,"I",03-APR-04,"Y","F","C","2018_04_NB0640000_NIBRS",25689004,0
2018,8001409,10703,5,2018,"I",03-MAY-05,"Y","F","C","2018_05_NB0640000_NIBRS",25694427,0
2018,8258233,10703,6,2018,"I",03-JUN-06,"Y","F","C","2018_06_NB0640000_NIBRS",25694431,0
2018,8123036,10703,7,2018,"I",03-JUL-07,"Y","F","C","2018_07_NB0640000_NIBRS",28240275,0
2018,8357636,10703,8,2018,"I",29-OCT-18,"Y","F","C","2018_08_NB0640000_NIBRS",28253446,0
2018,8357637,10703,9,2018,"I",29-OCT-18,"Y","F","C","2018_09_NB0640000_NIBRS",28248262,0
2018,8442782,10703,10,2018,"I",23-JAN-19,"Y","F","C","2018_10_NB0640000_NIBRS",31046895,0
2018,8436424,10703,11,2018,"I",23-JAN-19,"Y","F","C","2018_11_NB0640000_NIBRS",31046898,0
2018,8442783,10703,12,2018,"I",23-JAN-19,"Y","F","C","2018_12_NB0640000_NIBRS",31035741,0
2018,7952715,10664,1,2018,"I",03-JAN-01,"Y","F","C","2018_01_NB0480000_NIBRS",49379596,0
2018,7952716,10664,2,2018,"I",03-FEB-02,"Y","F","C","2018_02_NB0480000_NIBRS",47613524,0
2018,8125027,10664,3,2018,"I",03-MAR-03,"Y","F","C","2018_03_NB0480000_NIBRS",63976267,0
2018,8125028,10664,4,2018,"I",03-APR-04,"Y","F","C","2018_04_NB0480000_NIBRS",42721652,0
2018,8123032,10664,5,2018,"I",03-MAY-05,"Y","F","C","2018_05_NB0480000_NIBRS",61793180,0
2018,8125029,10664,6,2018,"I",03-JUN-06,"Y","F","C","2018_06_NB0480000_NIBRS",61793181,0
2018,8123208,10664,7,2018,"I",,"Y","G","C","2018_07_NB0480000_NIBRS",49388598,0
2018,8358614,10664,8,2018,"I",29-OCT-18,"Y","F","C","2018_08_NB0480000_NIBRS",49388601,0
2018,8357633,10664,9,2018,"I",29-OCT-18,"Y","F","C","2018_09_NB0480000_NIBRS",49379579,0
2018,8436408,10664,10,2018,"I",23-JAN-19,"Y","F","C","2018_10_NB0480000_NIBRS",49384472,0
2018,8442773,10664,11,2018,"I",23-JAN-19,"Y","F","C","2018_11_NB0480000_NIBRS",63983451,0
2018,8442774,10664,12,2018,"I",23-JAN-19,"Y","F","C","2018_12_NB0480000_NIBRS",61803028,0
2018,7928646,10575,1,2018,"I",03-JAN-01,"Y","F","C","2018_01_NB0130100_NIBRS",25621666,0
2018,7928647,10575,2,2018,"I",03-FEB-02,"Y","F","C","2018_02_NB0130100_NIBRS",49356405,0
2018,7975976,10575,3,2018,"I",03-MAR-03,"Y","F","C","2018_03_NB0130100_NIBRS",49382309,0
2018,7975977,10575,4,2018,"I",03-APR-04,"Y","F","C","2018_04_NB0130100_NIBRS",25699015,0
2018,7999763,10575,5,2018,"I",03-MAY-05,"Y","F","C","2018_05_NB0130100_NIBRS",25699019,0
2018,7999765,10575,6,2018,"I",03-JUN-06,"Y","F","C","2018_06_NB0130100_NIBRS",49382313,0
2018,8258244,10575,7,2018,"I",03-JUL-07,"Y","F","C","2018_07_NB0130100_NIBRS",34914823,0
2018,8357610,10575,8,2018,"I",29-OCT-18,"Y","F","C","2018_08_NB0130100_NIBRS",34923197,0
2018,8357611,10575,9,2018,"I",29-OCT-18,"Y","F","C","2018_09_NB0130100_NIBRS",38683065,0
2018,8382196,10575,10,2018,"I",21-DEC-18,"Y","F","C","2018_10_NB0130100_NIBRS",34914831,0
2018,8438392,10575,11,2018,"I",23-JAN-19,"Y","F","C","2018_11_NB0130100_NIBRS",31039848,0
2018,8442744,10575,12,2018,"I",23-JAN-19,"Y","F","C","2018_12_NB0130100_NIBRS",47603762,0
2018,7928814,10714,1,2018,"I",03-JAN-01,"Y","F","C","2018_01_NB0690100_NIBRS",25635807,0
2018,7952714,10714,2,2018,"I",03-FEB-02,"Y","F","C","2018_02_NB0690100_NIBRS",25653644,0
2018,7953428,10714,3,2018,"I",,"Y","G","C","2018_03_NB0690100_NIBRS",61800164,0
2018,8001390,10714,4,2018,"I",03-APR-04,"Y","F","C","2018_04_NB0690100_NIBRS",25690355,0
2018,8001391,10714,5,2018,"I",03-MAY-05,"Y","F","C","2018_05_NB0690100_NIBRS",28253484,0
2018,8125046,10714,6,2018,"I",03-JUN-06,"Y","F","C","2018_06_NB0690100_NIBRS",25706289,0
2018,8123040,10714,7,2018,"I",03-JUL-07,"Y","F","C","2018_07_NB0690100_NIBRS",42726609,0
2018,8358622,10714,8,2018,"I",29-OCT-18,"Y","F","C","2018_08_NB0690100_NIBRS",47616632,0
2018,8358623,10714,9,2018,"I",29-OCT-18,"Y","F","C","2018_09_NB0690100_NIBRS",29323981,0
2018,8388705,10714,10,2018,"I",21-DEC-18,"Y","F","C","2018_10_NB0690100_NIBRS",42717360,0
2018,8436427,10714,11,2018,"I",23-JAN-19,"Y","F","C","2018_11_NB0690100_NIBRS",31051307,0
2018,8438436,10714,12,2018,"I",23-JAN-19,"Y","F","C","2018_12_NB0690100_NIBRS",42717349,0
2018,7952693,10606,1,2018,"I",03-JAN-01,"Y","F","C","2018_01_NB0230100_NIBRS",25647024,0
2018,7952694,10606,2,2018,"I",03-FEB-02,"Y","F","C","2018_02_NB0230100_NIBRS",25647029,0
2018,7976536,10606,3,2018,"I",03-MAR-03,"Y","F","C","2018_03_NB0230100_NIBRS",25688734,0
2018,8001372,10606,4,2018,"I",03-APR-04,"Y","F","C","2018_04_NB0230100_NIBRS",25688727,0
2018,8001373,10606,5,2018,"I",03-MAY-05,"Y","F","C","2018_05_NB0230100_NIBRS",25688737,0
2018,8001374,10606,6,2018,"I",03-JUN-06,"Y","F","C","2018_06_NB0230100_NIBRS",25690234,0
2018,8125038,10606,7,2018,"I",03-JUL-07,"Y","F","C","2018_07_NB0230100_NIBRS",58024843,0
2018,8358603,10606,8,2018,"I",29-OCT-18,"Y","F","C","2018_08_NB0230100_NIBRS",28253018,0
2018,8357619,10606,9,2018,"I",29-OCT-18,"Y","F","C","2018_09_NB0230100_NIBRS",28239747,0
2018,8388266,10606,10,2018,"I",21-DEC-18,"Y","F","C","2018_10_NB0230100_NIBRS",29332258,0
2018,8438403,10606,11,2018,"I",23-JAN-19,"Y","F","C","2018_11_NB0230100_NIBRS",31035303,0
2018,8442754,10606,12,2018,"I",23-JAN-19,"Y","F","C","2018_12_NB0230100_NIBRS",31045789,0
2018,7952347,10589,1,2018,"I",03-JAN-01,"Y","F","C","2018_01_NB0170100_NIBRS",25700153,0
2018,7952349,10589,2,2018,"I",03-FEB-02,"Y","F","C","2018_02_NB0170100_NIBRS",29332098,0
2018,7975115,10589,3,2018,"I",03-MAR-03,"Y","F","C","2018_03_NB0170100_NIBRS",66109384,0
2018,7975118,10589,4,2018,"I",03-APR-04,"Y","F","C","2018_04_NB0170100_NIBRS",29327404,0
2018,7999768,10589,5,2018,"I",03-MAY-05,"Y","F","C","2018_05_NB0170100_NIBRS",29322719,0
2018,7999771,10589,6,2018,"I",03-JUN-06,"Y","F","C","2018_06_NB0170100_NIBRS",29332110,0
2018,8124021,10589,7,2018,"I",03-JUL-07,"Y","F","C","2018_07_NB0170100_NIBRS",28239027,0
2018,8356602,10589,8,2018,"I",29-OCT-18,"Y","F","C","2018_08_NB0170100_NIBRS",29322735,0
2018,8357614,10589,9,2018,"I",29-OCT-18,"Y","F","C","2018_09_NB0170100_NIBRS",29327429,0
2018,8388263,10589,10,2018,"I",21-DEC-18,"Y","F","C","2018_10_NB0170100_NIBRS",31034282,0
2018,8442746,10589,11,2018,"I",23-JAN-19,"Y","F","C","2018_11_NB0170100_NIBRS",47612398,0
2018,8436372,10589,12,2018,"I",23-JAN-19,"Y","F","C","2018_12_NB0170100_NIBRS",47607321,0
2018,7928877,10652,1,2018,"I",03-JAN-01,"Y","F","C","2018_01_NB0410000_NIBRS",25647039,0
2018,7952695,10652,2,2018,"I",03-FEB-02,"Y","F","C","2018_02_NB0410000_NIBRS",25647034,0
2018,7976538,10652,3,2018,"I",03-MAR-03,"Y","F","C","2018_03_NB0410000_NIBRS",25652674,0
2018,7976541,10652,4,2018,"I",03-APR-04,"Y","F","C","2018_04_NB0410000_NIBRS",25688258,0
2018,7999791,10652,5,2018,"I",03-MAY-05,"Y","F","C","2018_05_NB0410000_NIBRS",25688268,0
2018,7999792,10652,6,2018,"I",03-JUN-06,"Y","F","C","2018_06_NB0410000_NIBRS",47608282,0
2018,8125026,10652,7,2018,"I",03-JUL-07,"Y","F","C","2018_07_NB0410000_NIBRS",49384392,0
2018,8357627,10652,8,2018,"I",29-OCT-18,"Y","F","C","2018_08_NB0410000_NIBRS",34915416,0
2018,8357628,10652,9,2018,"I",29-OCT-18,"Y","F","C","2018_09_NB0410000_NIBRS",66114569,0
2018,8436403,10652,11,2018,"I",23-JAN-19,"Y","F","C","2018_11_NB0410000_NIBRS",31051090,0
2018,8646679,10652,12,2018,"I",21-FEB-19,"Y","F","C","2018_12_NB0410000_NIBRS",61793110,0
2018,7928857,10723,1,2018,"I",03-JAN-01,"Y","F","C","2018_01_NB0720000_NIBRS",25631552,0
2018,7928860,10723,2,2018,"I",03-FEB-02,"Y","F","C","2018_02_NB0720000_NIBRS",25636280,0
2018,7976137,10723,3,2018,"I",03-MAR-03,"Y","F","C","2018_03_NB0720000_NIBRS",25656361,0
2018,7976141,10723,4,2018,"I",03-APR-04,"Y","F","C","2018_04_NB0720000_NIBRS",25652011,0
2018,8001397,10723,5,2018,"I",03-MAY-05,"Y","F","C","2018_05_NB0720000_NIBRS",25690431,0
2018,8001398,10723,6,2018,"I",03-JUN-06,"Y","F","C","2018_06_NB0720000_NIBRS",25688953,0
2018,8649803,10723,7,2018,"Z",21-FEB-19,"Y","F","C","2018_07_NB0720000_NIBRS",34926153,0
2018,8358625,10723,8,2018,"I",29-OCT-18,"Y","F","C","2018_08_NB0720000_NIBRS",28248325,0
2018,8358627,10723,9,2018,"I",29-OCT-18,"Y","F","C","2018_09_NB0720000_NIBRS",29328954,0
2018,8388277,10723,10,2018,"I",21-DEC-18,"Y","F","C","2018_10_NB0720000_NIBRS",29328959,0
2018,8436432,10723,11,2018,"I",23-JAN-19,"Y","F","C","2018_11_NB0720000_NIBRS",31051343,0
2018,8438438,10723,12,2018,"I",23-JAN-19,"Y","F","C","2018_12_NB0720000_NIBRS",34926144,0
2018,7952327,10695,1,2018,"I",03-JAN-01,"Y","F","C","2018_01_NB0610000_NIBRS",25684337,0
2018,7952331,10695,2,2018,"I",03-FEB-02,"Y","F","C","2018_02_NB0610000_NIBRS",49388904,0
2018,7999761,10695,3,2018,"I",03-MAR-03,"Y","F","C","2018_03_NB0610000_NIBRS",49388909,0
2018,7999762,10695,4,2018,"I",03-APR-04,"Y","F","C","2018_04_NB0610000_NIBRS",25670573,0
2018,7999764,10695,5,2018,"I",03-MAY-05,"Y","F","C","2018_05_NB0610000_NIBRS",28240245,0
2018,7999766,10695,6,2018,"I",03-JUN-06,"Y","F","C","2018_06_NB0610000_NIBRS",28240252,0
2018,8356621,10695,7,2018,"I",29-OCT-18,"Y","F","C","2018_07_NB0610000_NIBRS",28248231,0
2018,8358621,10695,8,2018,"I",29-OCT-18,"Y","F","C","2018_08_NB0610000_NIBRS",31035711,0
2018,8388711,10695,9,2018,"I",21-DEC-18,"Y","F","C","2018_09_NB0610000_NIBRS",31046881,0
2018,8436421,10695,10,2018,"I",23-JAN-19,"Y","F","C","2018_10_NB0610000_NIBRS",31051225,0
2018,8442780,10695,11,2018,"I",23-JAN-19,"Y","F","C","2018_11_NB0610000_NIBRS",31035724,0
2018,8442781,10695,12,2018,"I",23-JAN-19,"Y","F","C","2018_12_NB0610000_NIBRS",34924695,0
2018,7928717,10743,1,2018,"I",03-JAN-01,"Y","F","C","2018_01_NB0780100_NIBRS",25623595,0
2018,7928718,10743,2,2018,"I",03-FEB-02,"Y","F","C","2018_02_NB0780100_NIBRS",25652096,0
2018,7976153,10743,3,2018,"I",03-MAR-03,"Y","F","C","2018_03_NB0780100_NIBRS",28248545,0
2018,7976155,10743,4,2018,"I",03-APR-04,"Y","F","C","2018_04_NB0780100_NIBRS",25690682,0
2018,7977664,10743,5,2018,"I",,"Y","G","C","2018_05_NB0780100_NIBRS",25689249,0
2018,8124034,10743,6,2018,"I",03-JUN-06,"Y","F","C","2018_06_NB0780100_NIBRS",28253698,0
2018,8125025,10743,7,2018,"I",03-JUL-07,"Y","F","C","2018_07_NB0780100_NIBRS",28240647,0
2018,8358635,10743,8,2018,"I",29-OCT-18,"Y","F","C","2018_08_NB0780100_NIBRS",28240645,0
2018,8356625,10743,9,2018,"I",29-OCT-18,"Y","F","C","2018_09_NB0780100_NIBRS",29324110,0
2018,8388284,10743,10,2018,"I",21-DEC-18,"Y","F","C","2018_10_NB0780100_NIBRS",31047181,0
2018,8442790,10743,11,2018,"I",23-JAN-19,"Y","F","C","2018_11_NB0780100_NIBRS",31051514,0
2018,8763473,10743,12,2018,"I",18-MAR-19,"Y","F","C","2018_12_NB0780100_NIBRS",38683811,0
2018,7927090,10732,1,2018,"I",03-JAN-01,"Y","F","C","2018_01_NB0760000_NIBRS",25611279,0
2018,7927092,10732,2,2018,"I",03-FEB-02,"Y","F","C","2018_02_NB0760000_NIBRS",25611288,0
2018,7976140,10732,3,2018,"I",03-MAR-03,"Y","F","C","2018_03_NB0760000_NIBRS",25652004,0
2018,7976143,10732,4,2018,"I",03-APR-04,"Y","F","C","2018_04_NB0760000_NIBRS",25656369,0
2018,8001394,10732,5,2018,"I",03-MAY-05,"Y","F","C","2018_05_NB0760000_NIBRS",25688926,0
2018,8001395,10732,6,2018,"I",03-JUN-06,"Y","F","C","2018_06_NB0760000_NIBRS",25699002,0
2018,8258243,10732,7,2018,"I",03-JUL-07,"Y","F","C","2018_07_NB0760000_NIBRS",28248352,0
2018,8358629,10732,8,2018,"I",29-OCT-18,"Y","F","C","2018_08_NB0760000_NIBRS",28240383,0
2018,8358630,10732,9,2018,"I",29-OCT-18,"Y","F","C","2018_09_NB0760000_NIBRS",29329013,0
2018,8388280,10732,10,2018,"I",21-DEC-18,"Y","F","C","2018_10_NB0760000_NIBRS",29333207,0
2018,8442787,10732,11,2018,"I",23-JAN-19,"Y","F","C","2018_11_NB0760000_NIBRS",31035872,0
2018,8442788,10732,12,2018,"I",23-JAN-19,"Y","F","C","2018_12_NB0760000_NIBRS",31051378,0
2018,7952699,10671,1,2018,"I",03-JAN-01,"Y","F","C","2018_01_NB0510100_NIBRS",63983499,0
2018,7952702,10671,2,2018,"I",03-FEB-02,"Y","F","C","2018_02_NB0510100_NIBRS",61803079,0
2018,7952706,10671,3,2018,"I",03-MAR-03,"Y","F","C","2018_03_NB0510100_NIBRS",25699264,0
2018,8124020,10671,4,2018,"I",03-APR-04,"Y","F","C","2018_04_NB0510100_NIBRS",25700159,0
2018,8123018,10671,5,2018,"I",03-MAY-05,"Y","F","C","2018_05_NB0510100_NIBRS",31035680,0
2018,8124019,10671,6,2018,"I",03-JUN-06,"Y","F","C","2018_06_NB0510100_NIBRS",31051184,0
2018,8124023,10671,7,2018,"I",03-JUL-07,"Y","F","C","2018_07_NB0510100_NIBRS",58026168,0
2018,8358617,10671,8,2018,"I",29-OCT-18,"Y","F","C","2018_08_NB0510100_NIBRS",31035686,0
2018,8358618,10671,9,2018,"I",29-OCT-18,"Y","F","C","2018_09_NB0510100_NIBRS",61793230,0
2018,8382203,10671,10,2018,"I",21-DEC-18,"Y","F","C","2018_10_NB0510100_NIBRS",58041418,0
2018,8442777,10671,11,2018,"I",23-JAN-19,"Y","F","C","2018_11_NB0510100_NIBRS",49384524,0
2018,8436417,10671,12,2018,"I",23-JAN-19,"Y","F","C","2018_12_NB0510100_NIBRS",34915526,0
2018,8001375,10666,1,2018,"I",03-JAN-01,"Y","F","C","2018_01_NB0490000_NIBRS",25690258,0
2018,8001377,10666,2,2018,"I",03-FEB-02,"Y","F","C","2018_02_NB0490000_NIBRS",31051164,0
2018,8358615,10666,3,2018,"I",29-OCT-18,"Y","F","C","2018_03_NB0490000_NIBRS",31046819,0
2018,8356613,10666,4,2018,"I",29-OCT-18,"Y","F","C","2018_04_NB0490000_NIBRS",31035670,0
2018,8436410,10666,5,2018,"I",23-JAN-19,"Y","F","C","2018_05_NB0490000_NIBRS",31051174,0
2018,8436411,10666,6,2018,"I",23-JAN-19,"Y","F","C","2018_06_NB0490000_NIBRS",31046835,0
2018,8438431,10666,7,2018,"I",23-JAN-19,"Y","F","C","2018_07_NB0490000_NIBRS",34924469,0
2018,8436413,10666,8,2018,"I",23-JAN-19,"Y","F","C","2018_08_NB0490000_NIBRS",31051185,0
2018,8438432,10666,9,2018,"I",23-JAN-19,"Y","F","C","2018_09_NB0490000_NIBRS",47616486,0
2018,8436414,10666,10,2018,"I",23-JAN-19,"Y","F","C","2018_10_NB0490000_NIBRS",31035689,0
2018,8436415,10666,11,2018,"I",23-JAN-19,"Y","F","C","2018_11_NB0490000_NIBRS",34924478,0
2018,8649799,10666,12,2018,"I",21-FEB-19,"Y","F","C","2018_12_NB0490000_NIBRS",49388602,0
2018,7952581,10593,1,2018,"I",03-JAN-01,"Y","F","C","2018_01_NB0190000_NIBRS",25638308,0
2018,7952582,10593,2,2018,"I",03-FEB-02,"Y","F","C","2018_02_NB0190000_NIBRS",25655889,0
2018,7976115,10593,3,2018,"I",03-MAR-03,"Y","F","C","2018_03_NB0190000_NIBRS",25655894,0
2018,8124044,10593,4,2018,"I",03-APR-04,"Y","F","C","2018_04_NB0190000_NIBRS",25706112,0
2018,8124045,10593,5,2018,"I",03-MAY-05,"Y","F","C","2018_05_NB0190000_NIBRS",25706117,0
2018,8123034,10593,6,2018,"I",03-JUN-06,"Y","F","C","2018_06_NB0190000_NIBRS",25706125,0
2018,8125037,10593,7,2018,"I",03-JUL-07,"Y","F","C","2018_07_NB0190000_NIBRS",28247383,0
2018,8357615,10593,8,2018,"I",29-OCT-18,"Y","F","C","2018_08_NB0190000_NIBRS",29327357,0
2018,8388261,10593,9,2018,"I",21-DEC-18,"Y","F","C","2018_09_NB0190000_NIBRS",29322676,0
2018,8388262,10593,10,2018,"I",21-DEC-18,"Y","F","C","2018_10_NB0190000_NIBRS",31035171,0
2018,8438395,10593,11,2018,"I",23-JAN-19,"Y","F","C","2018_11_NB0190000_NIBRS",31046292,0
2018,8757858,10593,12,2018,"I",18-MAR-19,"Y","F","C","2018_12_NB0190000_NIBRS",38678363,0
2018,7928811,10635,1,2018,"I",03-JAN-01,"Y","F","C","2018_01_NB0330000_NIBRS",25686326,0
2018,7952588,10635,2,2018,"I",03-FEB-02,"Y","F","C","2018_02_NB0330000_NIBRS",58031409,0
2018,7976557,10635,3,2018,"I",03-MAR-03,"Y","F","C","2018_03_NB0330000_NIBRS",42716667,0
2018,7999717,10635,4,2018,"I",03-APR-04,"Y","F","C","2018_04_NB0330000_NIBRS",25697911,0
2018,7999719,10635,5,2018,"I",03-MAY-05,"Y","F","C","2018_05_NB0330000_NIBRS",49388386,0
2018,8125045,10635,6,2018,"I",03-JUN-06,"Y","F","C","2018_06_NB0330000_NIBRS",28239994,0
2018,8123041,10635,7,2018,"I",03-JUL-07,"Y","F","C","2018_07_NB0330000_NIBRS",28239983,0
2018,8356612,10635,8,2018,"I",29-OCT-18,"Y","F","C","2018_08_NB0330000_NIBRS",58025519,0
2018,8442761,10635,9,2018,"I",23-JAN-19,"Y","F","C","2018_09_NB0330000_NIBRS",31046002,0
2018,8438416,10635,10,2018,"I",23-JAN-19,"Y","F","C","2018_10_NB0330000_NIBRS",31035528,0
2018,8436393,10635,11,2018,"I",23-JAN-19,"Y","F","C","2018_11_NB0330000_NIBRS",31046011,0
2018,8436394,10635,12,2018,"I",23-JAN-19,"Y","F","C","2018_12_NB0330000_NIBRS",31051015,0
2018,7928838,10728,1,2018,"I",03-JAN-01,"Y","F","C","2018_01_NB0740100_NIBRS",25631314,0
2018,7928841,10728,2,2018,"I",03-FEB-02,"Y","F","C","2018_02_NB0740100_NIBRS",25652890,0
2018,7976554,10728,3,2018,"I",03-MAR-03,"Y","F","C","2018_03_NB0740100_NIBRS",25652878,0
2018,7976556,10728,4,2018,"I",03-APR-04,"Y","F","C","2018_04_NB0740100_NIBRS",25652898,0
2018,8001383,10728,5,2018,"I",03-MAY-05,"Y","F","C","2018_05_NB0740100_NIBRS",25690314,0
2018,8001385,10728,6,2018,"I",03-JUN-06,"Y","F","C","2018_06_NB0740100_NIBRS",28240356,0
2018,8258238,10728,7,2018,"I",03-JUL-07,"Y","F","C","2018_07_NB0740100_NIBRS",28253518,0
2018,8356623,10728,8,2018,"I",29-OCT-18,"Y","F","C","2018_08_NB0740100_NIBRS",38683673,0
2018,8358628,10728,9,2018,"I",29-OCT-18,"Y","F","C","2018_09_NB0740100_NIBRS",29324021,0
2018,8388279,10728,10,2018,"I",21-DEC-18,"Y","F","C","2018_10_NB0740100_NIBRS",38686221,0
2018,8436433,10728,11,2018,"I",23-JAN-19,"Y","F","C","2018_11_NB0740100_NIBRS",31051357,0
2018,8436434,10728,12,2018,"I",23-JAN-19,"Y","F","C","2018_12_NB0740100_NIBRS",31047010,0
2018,7975953,10614,1,2018,"I",03-JAN-01,"Y","F","C","2018_01_NB0260000_NIBRS",25648534,0
2018,7975954,10614,2,2018,"I",03-FEB-02,"Y","F","C","2018_02_NB0260000_NIBRS",25648540,0
2018,7928633,10721,1,2018,"I",03-JAN-01,"Y","F","C","2018_01_NB0710100_NIBRS",63974877,0
2018,7952333,10721,2,2018,"I",03-FEB-02,"Y","F","C","2018_02_NB0710100_NIBRS",42916152,0
2018,7975125,10721,3,2018,"I",03-MAR-03,"Y","F","C","2018_03_NB0710100_NIBRS",31038854,0
2018,7999018,10721,4,2018,"I",03-APR-04,"Y","F","C","2018_04_NB0710100_NIBRS",58027932,0
2018,7999002,10721,5,2018,"I",03-MAY-05,"Y","F","C","2018_05_NB0710100_NIBRS",61801802,0
2018,8124024,10721,6,2018,"I",03-JUN-06,"Y","F","C","2018_06_NB0710100_NIBRS",58021876,0
2018,8124025,10721,7,2018,"I",03-JUL-07,"Y","F","C","2018_07_NB0710100_NIBRS",49355905,0
2018,8356632,10721,8,2018,"I",29-OCT-18,"Y","F","C","2018_08_NB0710100_NIBRS",61801751,0
2018,8358642,10721,9,2018,"I",29-OCT-18,"Y","F","C","2018_09_NB0710100_NIBRS",58027919,0
2018,8388258,10721,10,2018,"I",21-DEC-18,"Y","F","C","2018_10_NB0710100_NIBRS",63982846,0
2018,8649804,10721,11,2018,"I",21-FEB-19,"Y","F","C","2018_11_NB0710100_NIBRS",61797768,0
2018,8646690,10721,12,2018,"I",21-FEB-19,"Y","F","C","2018_12_NB0710100_NIBRS",61801754,0
2018,7926385,10574,1,2018,"I",03-JAN-01,"Y","F","C","2018_01_NB0130000_NIBRS",58039607,0
2018,7926389,10574,2,2018,"I",03-FEB-02,"Y","F","C","2018_02_NB0130000_NIBRS",58039618,0
2018,7975120,10574,3,2018,"I",03-MAR-03,"Y","F","C","2018_03_NB0130000_NIBRS",31039737,0
2018,7975123,10574,4,2018,"I",03-APR-04,"Y","F","C","2018_04_NB0130000_NIBRS",25653961,0
2018,7999016,10574,5,2018,"I",03-MAY-05,"Y","F","C","2018_05_NB0130000_NIBRS",61798435,0
2018,7999017,10574,6,2018,"I",03-JUN-06,"Y","F","C","2018_06_NB0130000_NIBRS",47606874,0
2018,8258220,10574,7,2018,"I",03-JUL-07,"Y","F","C","2018_07_NB0130000_NIBRS",58039637,0
2018,8356601,10574,8,2018,"I",29-OCT-18,"Y","F","C","2018_08_NB0130000_NIBRS",61798430,0
2018,8357609,10574,9,2018,"I",29-OCT-18,"Y","F","C","2018_09_NB0130000_NIBRS",49382308,0
2018,8382195,10574,10,2018,"I",21-DEC-18,"Y","F","C","2018_10_NB0130000_NIBRS",58039649,0
2018,8438390,10574,11,2018,"I",23-JAN-19,"Y","F","C","2018_11_NB0130000_NIBRS",47606893,0
2018,8438391,10574,12,2018,"I",23-JAN-19,"Y","F","C","2018_12_NB0130000_NIBRS",47603863,0
2018,7928677,10742,1,2018,"I",03-JAN-01,"Y","F","C","2018_01_NB0780000_NIBRS",49380384,0
2018,7928680,10742,2,2018,"I",03-FEB-02,"Y","F","C","2018_02_NB0780000_NIBRS",25647610,0
2018,7975133,10742,3,2018,"I",03-MAR-03,"Y","F","C","2018_03_NB0780000_NIBRS",47613700,0
2018,7975135,10742,4,2018,"I",03-APR-04,"Y","F","C","2018_04_NB0780000_NIBRS",28240628,0
2018,8001396,10742,5,2018,"I",03-MAY-05,"Y","F","C","2018_05_NB0780000_NIBRS",42911019,0
2018,8001399,10742,6,2018,"I",03-JUN-06,"Y","F","C","2018_06_NB0780000_NIBRS",58042681,0
2018,8260994,10742,7,2018,"I",03-JUL-07,"Y","F","C","2018_07_NB0780000_NIBRS",42911024,0
2018,8358634,10742,8,2018,"I",29-OCT-18,"Y","F","C","2018_08_NB0780000_NIBRS",34923057,0
2018,8356624,10742,9,2018,"I",29-OCT-18,"Y","F","C","2018_09_NB0780000_NIBRS",34923070,0
2018,8388283,10742,10,2018,"I",21-DEC-18,"Y","F","C","2018_10_NB0780000_NIBRS",63992044,0
2018,8442789,10742,11,2018,"I",23-JAN-19,"Y","F","C","2018_11_NB0780000_NIBRS",34923069,0
2018,8438440,10742,12,2018,"I",23-JAN-19,"Y","F","C","2018_12_NB0780000_NIBRS",58042686,0
2018,7976548,10769,1,2018,"I",03-JAN-01,"Y","F","C","2018_01_NB0890000_NIBRS",47614162,0
2018,7999773,10769,2,2018,"I",03-FEB-02,"Y","F","C","2018_02_NB0890000_NIBRS",49386054,0
2018,7999774,10769,3,2018,"I",03-MAR-03,"Y","F","C","2018_03_NB0890000_NIBRS",49386057,0
2018,7999776,10769,4,2018,"I",03-APR-04,"Y","F","C","2018_04_NB0890000_NIBRS",49386059,0
2018,8260978,10769,5,2018,"I",03-MAY-05,"Y","F","C","2018_05_NB0890000_NIBRS",49390377,0
2018,8357649,10769,6,2018,"I",29-OCT-18,"Y","F","C","2018_06_NB0890000_NIBRS",49386064,0
2018,8358644,10769,7,2018,"I",29-OCT-18,"Y","F","C","2018_07_NB0890000_NIBRS",49386095,0
2018,8388286,10769,8,2018,"I",21-DEC-18,"Y","F","C","2018_08_NB0890000_NIBRS",49381037,0
2018,8442801,10769,9,2018,"I",23-JAN-19,"Y","F","C","2018_09_NB0890000_NIBRS",49390396,0
2018,8438461,10769,10,2018,"I",23-JAN-19,"Y","F","C","2018_10_NB0890000_NIBRS",49390386,0
2018,8438462,10769,11,2018,"I",23-JAN-19,"Y","F","C","2018_11_NB0890000_NIBRS",49381058,0
2018,8436444,10769,12,2018,"I",23-JAN-19,"Y","F","C","2018_12_NB0890000_NIBRS",49386076,0
2018,7928685,10746,1,2018,"I",03-JAN-01,"Y","F","C","2018_01_NB0790100_NIBRS",29329180,0
2018,7928686,10746,2,2018,"I",03-FEB-02,"Y","F","C","2018_02_NB0790100_NIBRS",25652728,0
2018,7976545,10746,3,2018,"I",03-MAR-03,"Y","F","C","2018_03_NB0790100_NIBRS",25699256,0
2018,7976552,10746,4,2018,"I",03-APR-04,"Y","F","C","2018_04_NB0790100_NIBRS",29329140,0
2018,8002109,10746,5,2018,"I",03-MAY-05,"Y","F","C","2018_05_NB0790100_NIBRS",25698149,0
2018,8123020,10746,6,2018,"I",03-JUN-06,"Y","F","C","2018_06_NB0790100_NIBRS",29329196,0
2018,8124022,10746,7,2018,"I",03-JUL-07,"Y","F","C","2018_07_NB0790100_NIBRS",28253790,0
2018,8358638,10746,8,2018,"I",29-OCT-18,"Y","F","C","2018_08_NB0790100_NIBRS",28240753,0
2018,8356629,10746,9,2018,"I",29-OCT-18,"Y","F","C","2018_09_NB0790100_NIBRS",29324137,0
2018,8388285,10746,10,2018,"I",21-DEC-18,"Y","F","C","2018_10_NB0790100_NIBRS",31056049,0
2018,8442793,10746,11,2018,"I",23-JAN-19,"Y","F","C","2018_11_NB0790100_NIBRS",31047240,0
2018,8442794,10746,12,2018,"I",23-JAN-19,"Y","F","C","2018_12_NB0790100_NIBRS",31051563,0
2018,7927010,10602,1,2018,"I",03-JAN-01,"Y","F","C","2018_01_NB0220100_NIBRS",25642661,0
2018,7952381,10602,2,2018,"I",03-FEB-02,"Y","F","C","2018_02_NB0220100_NIBRS",58024710,0
2018,7975119,10602,3,2018,"I",03-MAR-03,"Y","F","C","2018_03_NB0220100_NIBRS",31043508,0
2018,7975122,10602,4,2018,"I",03-APR-04,"Y","F","C","2018_04_NB0220100_NIBRS",58040748,0
2018,7999340,10602,5,2018,"I",03-MAY-05,"Y","F","C","2018_05_NB0220100_NIBRS",25658863,0
2018,7999342,10602,6,2018,"I",03-JUN-06,"Y","F","C","2018_06_NB0220100_NIBRS",49387735,0
2018,8124040,10602,7,2018,"I",03-JUL-07,"Y","F","C","2018_07_NB0220100_NIBRS",29326472,0
2018,8356606,10602,8,2018,"I",29-OCT-18,"Y","F","C","2018_08_NB0220100_NIBRS",47612451,0
2018,8358602,10602,9,2018,"I",29-OCT-18,"Y","F","C","2018_09_NB0220100_NIBRS",31038772,0
2018,8388689,10602,10,2018,"I",21-DEC-18,"Y","F","C","2018_10_NB0220100_NIBRS",34923059,0
2018,8442739,10602,11,2018,"I",23-JAN-19,"Y","F","C","2018_11_NB0220100_NIBRS",61801747,0
2018,8438381,10602,12,2018,"I",23-JAN-19,"Y","F","C","2018_12_NB0220100_NIBRS",42710619,0
2018,7976042,10562,1,2018,"I",03-JAN-01,"Y","F","C","2018_01_NB0100000_NIBRS",31038758,0
2018,7999398,10562,2,2018,"I",03-FEB-02,"Y","F","C","2018_02_NB0100000_NIBRS",34923062,0
2018,8258222,10562,3,2018,"I",03-MAR-03,"Y","F","C","2018_03_NB0100000_NIBRS",58037827,0
2018,8123030,10562,4,2018,"I",03-APR-04,"Y","F","C","2018_04_NB0100000_NIBRS",58027888,0
2018,8124035,10562,5,2018,"I",03-MAY-05,"Y","F","C","2018_05_NB0100000_NIBRS",58037833,0
2018,8124036,10562,6,2018,"I",03-JUN-06,"Y","F","C","2018_06_NB0100000_NIBRS",47603447,0
2018,8123031,10562,7,2018,"I",03-JUL-07,"Y","F","C","2018_07_NB0100000_NIBRS",58027891,0
2018,8358588,10562,8,2018,"I",29-OCT-18,"Y","F","C","2018_08_NB0100000_NIBRS",58027894,0
2018,8388259,10562,9,2018,"I",21-DEC-18,"Y","F","C","2018_09_NB0100000_NIBRS",58027897,0
2018,8388690,10562,10,2018,"I",21-DEC-18,"Y","F","C","2018_10_NB0100000_NIBRS",58037826,0
2018,8436356,10562,11,2018,"I",23-JAN-19,"Y","F","C","2018_11_NB0100000_NIBRS",47611561,0
2018,8646674,10562,12,2018,"I",21-FEB-19,"Y","F","C","2018_12_NB0100000_NIBRS",58027906,0
2018,7926424,10649,1,2018,"I",03-JAN-01,"Y","F","C","2018_01_NB0400000_NIBRS",58037841,0
2018,7926428,10649,2,2018,"I",03-FEB-02,"Y","F","C","2018_02_NB0400000_NIBRS",25642927,0
2018,7975345,10649,3,2018,"I",03-MAR-03,"Y","F","C","2018_03_NB0400000_NIBRS",58037844,0
2018,7975430,10649,4,2018,"I",03-APR-04,"Y","F","C","2018_04_NB0400000_NIBRS",61802949,0
2018,7999026,10649,5,2018,"I",03-MAY-05,"Y","F","C","2018_05_NB0400000_NIBRS",47616355,0
2018,7999029,10649,6,2018,"I",03-JUN-06,"Y","F","C","2018_06_NB0400000_NIBRS",58027896,0
2018,8260969,10649,7,2018,"I",03-JUL-07,"Y","F","C","2018_07_NB0400000_NIBRS",49388488,0
2018,8356600,10649,8,2018,"I",29-OCT-18,"Y","F","C","2018_08_NB0400000_NIBRS",58027956,0
2018,8358591,10649,9,2018,"I",29-OCT-18,"Y","F","C","2018_09_NB0400000_NIBRS",61802938,0
2018,8388701,10649,10,2018,"I",21-DEC-18,"Y","F","C","2018_10_NB0400000_NIBRS",58027922,0
2018,8442738,10649,11,2018,"I",23-JAN-19,"Y","F","C","2018_11_NB0400000_NIBRS",58037834,0
2018,8438380,10649,12,2018,"I",23-JAN-19,"Y","F","C","2018_12_NB0400000_NIBRS",58037872,0
2018,7928845,10611,1,2018,"I",03-JAN-01,"Y","F","C","2018_01_NB0240300_NIBRS",34924290,0
2018,7928846,10611,2,2018,"I",03-FEB-02,"Y","F","C","2018_02_NB0240300_NIBRS",25688993,0
2018,7976121,10611,3,2018,"I",03-MAR-03,"Y","F","C","2018_03_NB0240300_NIBRS",25656066,0
2018,7976122,10611,4,2018,"I",03-APR-04,"Y","F","C","2018_04_NB0240300_NIBRS",25690473,0
2018,8001403,10611,5,2018,"I",03-MAY-05,"Y","F","C","2018_05_NB0240300_NIBRS",28247864,0
2018,8001407,10611,6,2018,"I",03-JUN-06,"Y","F","C","2018_06_NB0240300_NIBRS",49379093,0
2018,8258225,10611,7,2018,"I",03-JUL-07,"Y","F","C","2018_07_NB0240300_NIBRS",28239808,0
2018,8357622,10611,8,2018,"I",29-OCT-18,"Y","F","C","2018_08_NB0240300_NIBRS",29332270,0
2018,8356609,10611,9,2018,"I",29-OCT-18,"Y","F","C","2018_09_NB0240300_NIBRS",31035327,0
2018,8382201,10611,10,2018,"I",21-DEC-18,"Y","F","C","2018_10_NB0240300_NIBRS",31045812,0
2018,8438404,10611,11,2018,"I",23-JAN-19,"Y","F","C","2018_11_NB0240300_NIBRS",31035318,0
2018,8438406,10611,12,2018,"I",23-JAN-19,"Y","F","C","2018_12_NB0240300_NIBRS",34924271,0
2018,8124050,10720,1,2018,"I",03-JAN-01,"Y","F","C","2018_01_NB0710000_NIBRS",25702156,0
2018,8124051,10720,2,2018,"I",03-FEB-02,"Y","F","C","2018_02_NB0710000_NIBRS",25706270,0
2018,8123039,10720,3,2018,"I",03-MAR-03,"Y","F","C","2018_03_NB0710000_NIBRS",25706282,0
2018,8124052,10720,4,2018,"I",03-APR-04,"Y","F","C","2018_04_NB0710000_NIBRS",25702172,0
2018,8124053,10720,5,2018,"I",03-MAY-05,"Y","F","C","2018_05_NB0710000_NIBRS",29333167,0
2018,8388278,10720,6,2018,"I",21-DEC-18,"Y","F","C","2018_06_NB0710000_NIBRS",29328958,0
2018,8388706,10720,7,2018,"I",21-DEC-18,"Y","F","C","2018_07_NB0710000_NIBRS",29323988,0
2018,8388707,10720,8,2018,"I",21-DEC-18,"Y","F","C","2018_08_NB0710000_NIBRS",34915955,0
2018,8442786,10720,9,2018,"I",23-JAN-19,"Y","F","C","2018_09_NB0710000_NIBRS",38686210,0
2018,8646688,10720,10,2018,"I",21-FEB-19,"Y","F","C","2018_10_NB0710000_NIBRS",34915961,0
2018,8646689,10720,11,2018,"I",21-FEB-19,"Y","F","C","2018_11_NB0710000_NIBRS",38686218,0
2018,8763154,10720,12,2018,"I",18-MAR-19,"Y","F","C","2018_12_NB0710000_NIBRS",38683677,0
2018,7926422,10684,1,2018,"I",03-JAN-01,"Y","F","C","2018_01_NB0560000_NIBRS",25657967,0
2018,7952329,10684,2,2018,"I",03-FEB-02,"Y","F","C","2018_02_NB0560000_NIBRS",25657971,0
2018,7975949,10684,3,2018,"I",03-MAR-03,"Y","F","C","2018_03_NB0560000_NIBRS",42717269,0
2018,7999009,10684,4,2018,"I",03-APR-04,"Y","F","C","2018_04_NB0560000_NIBRS",25691757,0
2018,7999011,10684,5,2018,"I",03-MAY-05,"Y","F","C","2018_05_NB0560000_NIBRS",49384572,0
2018,8123023,10684,6,2018,"I",03-JUN-06,"Y","F","C","2018_06_NB0560000_NIBRS",28253390,0
2018,8125021,10684,7,2018,"I",03-JUL-07,"Y","F","C","2018_07_NB0560000_NIBRS",31035691,0
2018,8356619,10684,8,2018,"I",29-OCT-18,"Y","F","C","2018_08_NB0560000_NIBRS",31046864,0
2018,8356620,10684,9,2018,"I",29-OCT-18,"Y","F","C","2018_09_NB0560000_NIBRS",61799640,0
2018,8442778,10684,10,2018,"I",23-JAN-19,"Y","F","C","2018_10_NB0560000_NIBRS",47608470,0
2018,8442779,10684,11,2018,"I",23-JAN-19,"Y","F","C","2018_11_NB0560000_NIBRS",42717278,0
2018,8438433,10684,12,2018,"I",23-JAN-19,"Y","F","C","2018_12_NB0560000_NIBRS",42726567,0
2018,7928837,10640,1,2018,"I",03-JAN-01,"Y","F","C","2018_01_NB0340100_NIBRS",61801763,0
2018,7952703,10640,2,2018,"I",03-FEB-02,"Y","F","C","2018_02_NB0340100_NIBRS",47608231,0
2018,7976740,10640,3,2018,"I",03-MAR-03,"Y","F","C","2018_03_NB0340100_NIBRS",28253163,0
2018,7999784,10640,4,2018,"I",03-APR-04,"Y","F","C","2018_04_NB0340100_NIBRS",42716808,0
2018,8124037,10640,5,2018,"I",03-MAY-05,"Y","F","C","2018_05_NB0340100_NIBRS",58041242,0
2018,8124038,10640,6,2018,"I",03-JUN-06,"Y","F","C","2018_06_NB0340100_NIBRS",31035576,0
2018,8124039,10640,7,2018,"I",03-JUL-07,"Y","F","C","2018_07_NB0340100_NIBRS",34915439,0
2018,8357626,10640,8,2018,"I",29-OCT-18,"Y","F","C","2018_08_NB0340100_NIBRS",58031506,0
2018,8388698,10640,9,2018,"I",21-DEC-18,"Y","F","C","2018_09_NB0340100_NIBRS",34915418,0
2018,8438420,10640,10,2018,"I",23-JAN-19,"Y","F","C","2018_10_NB0340100_NIBRS",34924438,0
2018,8646682,10640,11,2018,"I",21-FEB-19,"Y","F","C","2018_11_NB0340100_NIBRS",47616274,0
2018,8649798,10640,12,2018,"I",21-FEB-19,"Y","F","C","2018_12_NB0340100_NIBRS",58025676,0
2018,7928839,10745,1,2018,"I",03-JAN-01,"Y","F","C","2018_01_NB0790000_NIBRS",25631317,0
2018,7928843,10745,2,2018,"I",03-FEB-02,"Y","F","C","2018_02_NB0790000_NIBRS",25631323,0
2018,7976565,10745,3,2018,"I",03-MAR-03,"Y","F","C","2018_03_NB0790000_NIBRS",25689100,0
2018,8001844,10745,4,2018,"I",03-APR-04,"Y","F","C","2018_04_NB0790000_NIBRS",25690579,0
2018,8001884,10745,5,2018,"I",03-MAY-05,"Y","F","C","2018_05_NB0790000_NIBRS",25689107,0
2018,8258246,10745,6,2018,"I",03-JUN-06,"Y","F","C","2018_06_NB0790000_NIBRS",25699115,0
2018,8258248,10745,7,2018,"I",03-JUL-07,"Y","F","C","2018_07_NB0790000_NIBRS",28248584,0
2018,8356627,10745,8,2018,"I",29-OCT-18,"Y","F","C","2018_08_NB0790000_NIBRS",28248592,0
2018,8357641,10745,9,2018,"I",29-OCT-18,"Y","F","C","2018_09_NB0790000_NIBRS",28240679,0
2018,8358637,10745,10,2018,"I",29-OCT-18,"Y","F","C","2018_10_NB0790000_NIBRS",31056012,0
2018,8442791,10745,11,2018,"I",23-JAN-19,"Y","F","C","2018_11_NB0790000_NIBRS",31047192,0
2018,8438441,10745,12,2018,"I",23-JAN-19,"Y","F","C","2018_12_NB0790000_NIBRS",31056021,0
2018,7952717,10708,1,2018,"I",03-JAN-01,"Y","F","C","2018_01_NB0660100_NIBRS",25642490,0
2018,7952719,10708,2,2018,"I",03-FEB-02,"Y","F","C","2018_02_NB0660100_NIBRS",25690830,0
2018,8002103,10708,3,2018,"I",03-MAR-03,"Y","F","C","2018_03_NB0660100_NIBRS",25689351,0
2018,8002105,10708,4,2018,"I",03-APR-04,"Y","F","C","2018_04_NB0660100_NIBRS",58026553,0
2018,8260990,10708,5,2018,"I",03-MAY-05,"Y","F","C","2018_05_NB0660100_NIBRS",28240318,0
2018,8258240,10708,6,2018,"I",03-JUN-06,"Y","F","C","2018_06_NB0660100_NIBRS",28240329,0
2018,8258241,10708,7,2018,"I",03-JUL-07,"Y","F","C","2018_07_NB0660100_NIBRS",58041934,0
2018,8358624,10708,8,2018,"I",29-OCT-18,"Y","F","C","2018_08_NB0660100_NIBRS",42906135,0
2018,8358626,10708,9,2018,"I",29-OCT-18,"Y","F","C","2018_09_NB0660100_NIBRS",31046915,0
2018,8388274,10708,10,2018,"I",21-DEC-18,"Y","F","C","2018_10_NB0660100_NIBRS",34924740,0
2018,8382205,10708,11,2018,"I",21-DEC-18,"Y","F","C","2018_11_NB0660100_NIBRS",49388981,0
2018,8436425,10708,12,2018,"I",23-JAN-19,"Y","F","C","2018_12_NB0660100_NIBRS",34915663,0
2018,7928714,10622,1,2018,"I",03-JAN-01,"Y","F","C","2018_01_NB0280400_NIBRS",25660057,0
2018,7928715,10622,2,2018,"I",03-FEB-02,"Y","F","C","2018_02_NB0280400_NIBRS",25660063,0
2018,7975961,10622,3,2018,"I",03-MAR-03,"Y","F","C","2018_03_NB0280400_NIBRS",25660068,0
2018,7999354,10622,4,2018,"I",03-APR-04,"Y","F","C","2018_04_NB0280400_NIBRS",25660093,0
2018,7999356,10622,5,2018,"I",03-MAY-05,"Y","F","C","2018_05_NB0280400_NIBRS",38683378,0
2018,7999357,10622,6,2018,"I",03-JUN-06,"Y","F","C","2018_06_NB0280400_NIBRS",28239935,0
2018,8258245,10622,7,2018,"I",03-JUL-07,"Y","F","C","2018_07_NB0280400_NIBRS",28239937,0
2018,8358606,10622,8,2018,"I",29-OCT-18,"Y","F","C","2018_08_NB0280400_NIBRS",29327771,0
2018,8356611,10622,9,2018,"I",29-OCT-18,"Y","F","C","2018_09_NB0280400_NIBRS",29327782,0
2018,8382202,10622,10,2018,"I",21-DEC-18,"Y","F","C","2018_10_NB0280400_NIBRS",31035461,0
2018,8436391,10622,11,2018,"I",23-JAN-19,"Y","F","C","2018_11_NB0280400_NIBRS",31035469,0
2018,8442757,10622,12,2018,"I",23-JAN-19,"Y","F","C","2018_12_NB0280400_NIBRS",34915354,0
2018,7926404,10726,1,2018,"I",03-JAN-01,"Y","F","C","2018_01_NB0730100_NIBRS",31051355,0
2018,7976028,10726,2,2018,"I",03-FEB-02,"Y","F","C","2018_02_NB0730100_NIBRS",49380020,0
2018,7976029,10726,3,2018,"I",03-MAR-03,"Y","F","C","2018_03_NB0730100_NIBRS",34931790,0
2018,8123021,10726,4,2018,"I",03-APR-04,"Y","F","C","2018_04_NB0730100_NIBRS",34931808,0
2018,8125018,10726,5,2018,"I",03-MAY-05,"Y","F","C","2018_05_NB0730100_NIBRS",31051373,0
2018,8123022,10726,6,2018,"I",03-JUN-06,"Y","F","C","2018_06_NB0730100_NIBRS",31051377,0
2018,8125020,10726,7,2018,"I",03-JUL-07,"Y","F","C","2018_07_NB0730100_NIBRS",31047034,0
2018,8358631,10726,8,2018,"I",29-OCT-18,"Y","F","C","2018_08_NB0730100_NIBRS",31051392,0
2018,8358632,10726,9,2018,"I",29-OCT-18,"Y","F","C","2018_09_NB0730100_NIBRS",34931819,0
2018,8388281,10726,10,2018,"I",21-DEC-18,"Y","F","C","2018_10_NB0730100_NIBRS",49389159,0
2018,8438439,10726,11,2018,"I",23-JAN-19,"Y","F","C","2018_11_NB0730100_NIBRS",49380027,0
2018,8436435,10726,12,2018,"I",23-JAN-19,"Y","F","C","2018_12_NB0730100_NIBRS",49380029,0
2018,7952336,10751,1,2018,"I",03-JAN-01,"Y","F","C","2018_01_NB0800000_NIBRS",25700437,0
2018,7975955,10614,3,2018,"I",03-MAR-03,"Y","F","C","2018_03_NB0260000_NIBRS",28239915,0
2018,7999790,10614,4,2018,"I",03-APR-04,"Y","F","C","2018_04_NB0260000_NIBRS",25695444,0
2018,8258223,10614,5,2018,"I",03-MAY-05,"Y","F","C","2018_05_NB0260000_NIBRS",25691844,0
2018,8357623,10614,6,2018,"I",29-OCT-18,"Y","F","C","2018_06_NB0260000_NIBRS",28239903,0
2018,8357624,10614,7,2018,"I",29-OCT-18,"Y","F","C","2018_07_NB0260000_NIBRS",29322964,0
2018,8388267,10614,8,2018,"I",21-DEC-18,"Y","F","C","2018_08_NB0260000_NIBRS",47613289,0
2018,8388268,10614,9,2018,"I",21-DEC-18,"Y","F","C","2018_09_NB0260000_NIBRS",31046570,0
2018,8442756,10614,10,2018,"I",23-JAN-19,"Y","F","C","2018_10_NB0260000_NIBRS",31045949,0
2018,8438408,10614,11,2018,"I",23-JAN-19,"Y","F","C","2018_11_NB0260000_NIBRS",42916038,0
2018,8646677,10614,12,2018,"I",21-FEB-19,"Y","F","C","2018_12_NB0260000_NIBRS",47613291,0
2018,7952696,10653,1,2018,"I",03-JAN-01,"Y","F","C","2018_01_NB0410100_NIBRS",25642321,0
2018,7952700,10653,2,2018,"I",03-FEB-02,"Y","F","C","2018_02_NB0410100_NIBRS",25652375,0
2018,7976171,10653,3,2018,"I",03-MAR-03,"Y","F","C","2018_03_NB0410100_NIBRS",25652373,0
2018,8001917,10653,4,2018,"I",03-APR-04,"Y","F","C","2018_04_NB0410100_NIBRS",25689131,0
2018,8002015,10653,5,2018,"I",03-MAY-05,"Y","F","C","2018_05_NB0410100_NIBRS",25690593,0
2018,8002077,10653,6,2018,"I",03-JUN-06,"Y","F","C","2018_06_NB0410100_NIBRS",25689139,0
2018,8124041,10653,7,2018,"I",03-JUL-07,"Y","F","C","2018_07_NB0410100_NIBRS",29333045,0
2018,8358611,10653,8,2018,"I",29-OCT-18,"Y","F","C","2018_08_NB0410100_NIBRS",29333051,0
2018,8357629,10653,9,2018,"I",29-OCT-18,"Y","F","C","2018_09_NB0410100_NIBRS",42911127,0
2018,8388700,10653,10,2018,"I",21-DEC-18,"Y","F","C","2018_10_NB0410100_NIBRS",58031588,0
2018,8436406,10653,11,2018,"I",23-JAN-19,"Y","F","C","2018_11_NB0410100_NIBRS",63983423,0
2018,8442771,10653,12,2018,"I",23-JAN-19,"Y","F","C","2018_12_NB0410100_NIBRS",42911135,0
2018,7977294,10713,1,2018,"I",03-JAN-01,"Y","F","C","2018_01_NB0690000_NIBRS",25657749,0
2018,7977295,10713,2,2018,"I",03-FEB-02,"Y","F","C","2018_02_NB0690000_NIBRS",25657752,0
2018,7977299,10713,3,2018,"I",03-MAR-03,"Y","F","C","2018_03_NB0690000_NIBRS",25653703,0
2018,7977301,10713,4,2018,"I",03-APR-04,"Y","F","C","2018_04_NB0690000_NIBRS",25657768,0
2018,8260983,10713,5,2018,"I",03-MAY-05,"Y","F","C","2018_05_NB0690000_NIBRS",25694428,0
2018,8260984,10713,6,2018,"I",03-JUN-06,"Y","F","C","2018_06_NB0690000_NIBRS",25698425,0
2018,8258234,10713,7,2018,"I",03-JUL-07,"Y","F","C","2018_07_NB0690000_NIBRS",25694438,0
2018,8388703,10713,8,2018,"I",21-DEC-18,"Y","F","C","2018_08_NB0690000_NIBRS",34925195,0
2018,8388276,10713,9,2018,"I",21-DEC-18,"Y","F","C","2018_09_NB0690000_NIBRS",63976589,0
2018,8388704,10713,10,2018,"I",21-DEC-18,"Y","F","C","2018_10_NB0690000_NIBRS",63987150,0
2018,8646686,10713,11,2018,"I",21-FEB-19,"Y","F","C","2018_11_NB0690000_NIBRS",63987153,0
2018,8646687,10713,12,2018,"I",21-FEB-19,"Y","F","C","2018_12_NB0690000_NIBRS",34925212,0
2018,7926384,10610,1,2018,"I",03-JAN-01,"Y","F","C","2018_01_NB0240200_NIBRS",25599505,0
2018,7926386,10610,2,2018,"I",03-FEB-02,"Y","F","C","2018_02_NB0240200_NIBRS",25652299,0
2018,7976166,10610,3,2018,"I",03-MAR-03,"Y","F","C","2018_03_NB0240200_NIBRS",31046422,0
2018,7976167,10610,4,2018,"I",03-APR-04,"Y","F","C","2018_04_NB0240200_NIBRS",25652317,0
2018,8001404,10610,5,2018,"I",03-MAY-05,"Y","F","C","2018_05_NB0240200_NIBRS",63975901,0
2018,8001406,10610,6,2018,"I",03-JUN-06,"Y","F","C","2018_06_NB0240200_NIBRS",34924241,0
2018,8260987,10610,7,2018,"I",03-JUL-07,"Y","F","C","2018_07_NB0240200_NIBRS",42716486,0
2018,8358605,10610,8,2018,"I",29-OCT-18,"Y","F","C","2018_08_NB0240200_NIBRS",28239780,0
2018,8357621,10610,9,2018,"I",29-OCT-18,"Y","F","C","2018_09_NB0240200_NIBRS",29332263,0
2018,8382200,10610,10,2018,"I",21-DEC-18,"Y","F","C","2018_10_NB0240200_NIBRS",31045809,0
2018,8436387,10610,11,2018,"I",23-JAN-19,"Y","F","C","2018_11_NB0240200_NIBRS",61798905,0
2018,8436389,10610,12,2018,"I",23-JAN-19,"Y","F","C","2018_12_NB0240200_NIBRS",34924253,0
2018,7928834,10727,1,2018,"I",03-JAN-01,"Y","F","C","2018_01_NB0740000_NIBRS",25635967,0
2018,9126550,10727,2,2018,"I",17-JUL-19,"Y","F","C","2018_02_NB0740000_NIBRS",58051786,0
2018,9125562,10727,3,2018,"I",17-JUL-19,"Y","F","C","2018_03_NB0740000_NIBRS",49380028,0
2018,10355246,10727,4,2018,"I",17-OCT-19,"Y","F","C","2018_04_NB0740000_NIBRS",58051800,0
2018,10357576,10727,6,2018,"I",17-OCT-19,"Y","F","C","2018_06_NB0740000_NIBRS",58046858,0
2018,10355245,10727,7,2018,"I",17-OCT-19,"Y","F","C","2018_07_NB0740000_NIBRS",58051794,0
2018,10357578,10727,8,2018,"I",17-OCT-19,"Y","F","C","2018_08_NB0740000_NIBRS",61793670,0
2018,10357577,10727,9,2018,"I",17-OCT-19,"Y","F","C","2018_09_NB0740000_NIBRS",61800383,0
2018,10857588,10727,10,2018,"I",17-DEC-19,"Y","F","C","2018_10_NB0740000_NIBRS",61793673,0
2018,10857589,10727,12,2018,"I",17-DEC-19,"Y","F","C","2018_12_NB0740000_NIBRS",61803678,0
2018,7928842,10596,1,2018,"I",03-JAN-01,"Y","F","C","2018_01_NB0200100_NIBRS",25636058,0
2018,7928844,10596,2,2018,"I",03-FEB-02,"Y","F","C","2018_02_NB0200100_NIBRS",25631325,0
2018,7976117,10596,3,2018,"I",03-MAR-03,"Y","F","C","2018_03_NB0200100_NIBRS",25651480,0
2018,7976118,10596,4,2018,"I",03-APR-04,"Y","F","C","2018_04_NB0200100_NIBRS",25651488,0
2018,8001392,10596,5,2018,"I",03-MAY-05,"Y","F","C","2018_05_NB0200100_NIBRS",25690399,0
2018,8001393,10596,6,2018,"I",03-JUN-06,"Y","F","C","2018_06_NB0200100_NIBRS",25694826,0
2018,8258237,10596,7,2018,"I",03-JUL-07,"Y","F","C","2018_07_NB0200100_NIBRS",25698927,0
2018,8357616,10596,8,2018,"I",29-OCT-18,"Y","F","C","2018_08_NB0200100_NIBRS",31045734,0
2018,8356604,10596,9,2018,"I",29-OCT-18,"Y","F","C","2018_09_NB0200100_NIBRS",29322705,0
2018,8388696,10596,10,2018,"I",21-DEC-18,"Y","F","C","2018_10_NB0200100_NIBRS",42916016,0
2018,8438399,10596,11,2018,"I",23-JAN-19,"Y","F","C","2018_11_NB0200100_NIBRS",31046347,0
2018,8442751,10596,12,2018,"I",23-JAN-19,"Y","F","C","2018_12_NB0200100_NIBRS",31035248,0
2018,9127736,10551,12,2018,"I",17-JUL-19,"Y","F","C","2018_12_NB0060000_NIBRS",49381639,0
2018,7952722,10670,1,2018,"I",03-JAN-01,"Y","F","C","2018_01_NB0510000_NIBRS",42726561,0
2018,7952721,10670,2,2018,"I",03-FEB-02,"Y","F","C","2018_02_NB0510000_NIBRS",25642499,0
2018,7976173,10670,3,2018,"I",03-MAR-03,"Y","F","C","2018_03_NB0510000_NIBRS",42717272,0
2018,7999786,10670,4,2018,"I",03-APR-04,"Y","F","C","2018_04_NB0510000_NIBRS",25699444,0
2018,7999787,10670,5,2018,"I",03-MAY-05,"Y","F","C","2018_05_NB0510000_NIBRS",42717279,0
2018,8125022,10670,6,2018,"I",03-JUN-06,"Y","F","C","2018_06_NB0510000_NIBRS",42717284,0
2018,8124027,10670,7,2018,"I",03-JUL-07,"Y","F","C","2018_07_NB0510000_NIBRS",28253385,0
2018,8357634,10670,8,2018,"I",29-OCT-18,"Y","F","C","2018_08_NB0510000_NIBRS",28248206,0
2018,8356616,10670,9,2018,"I",29-OCT-18,"Y","F","C","2018_09_NB0510000_NIBRS",28240225,0
2018,8388272,10670,10,2018,"I",21-DEC-18,"Y","F","C","2018_10_NB0510000_NIBRS",29333068,0
2018,8436409,10670,11,2018,"I",23-JAN-19,"Y","F","C","2018_11_NB0510000_NIBRS",42717292,0
2018,8438430,10670,12,2018,"I",23-JAN-19,"Y","F","C","2018_12_NB0510000_NIBRS",47613533,0
2018,7952589,10609,1,2018,"I",03-JAN-01,"Y","F","C","2018_01_NB0240100_NIBRS",25633790,0
2018,7952590,10609,2,2018,"I",03-FEB-02,"Y","F","C","2018_02_NB0240100_NIBRS",25633792,0
2018,8002098,10609,3,2018,"I",03-MAR-03,"Y","F","C","2018_03_NB0240100_NIBRS",25701875,0
2018,8002100,10609,4,2018,"I",03-APR-04,"Y","F","C","2018_04_NB0240100_NIBRS",25689334,0
2018,8002102,10609,5,2018,"I",03-MAY-05,"Y","F","C","2018_05_NB0240100_NIBRS",49383886,0
2018,8123033,10609,6,2018,"I",03-JUN-06,"Y","F","C","2018_06_NB0240100_NIBRS",25705956,0
2018,8124043,10609,7,2018,"I",03-JUL-07,"Y","F","C","2018_07_NB0240100_NIBRS",25705958,0
2018,8358604,10609,8,2018,"I",29-OCT-18,"Y","F","C","2018_08_NB0240100_NIBRS",28253026,0
2018,8357620,10609,9,2018,"I",29-OCT-18,"Y","F","C","2018_09_NB0240100_NIBRS",31045794,0
2018,8442755,10609,10,2018,"I",23-JAN-19,"Y","F","C","2018_10_NB0240100_NIBRS",31045803,0
2018,8436386,10609,11,2018,"I",23-JAN-19,"Y","F","C","2018_11_NB0240100_NIBRS",49378901,0
2018,8438405,10609,12,2018,"I",23-JAN-19,"Y","F","C","2018_12_NB0240100_NIBRS",31045811,0
2018,7928852,10771,1,2018,"I",03-JAN-01,"Y","F","C","2018_01_NB0900000_NIBRS",25631425,0
2018,7928854,10771,2,2018,"I",03-FEB-02,"Y","F","C","2018_02_NB0900000_NIBRS",25631433,0
2018,7976734,10771,3,2018,"I",03-MAR-03,"Y","F","C","2018_03_NB0900000_NIBRS",25653668,0
2018,7976737,10771,4,2018,"I",03-APR-04,"Y","F","C","2018_04_NB0900000_NIBRS",25657733,0
2018,8002110,10771,5,2018,"I",03-MAY-05,"Y","F","C","2018_05_NB0900000_NIBRS",25689430,0
2018,8002111,10771,6,2018,"I",03-JUN-06,"Y","F","C","2018_06_NB0900000_NIBRS",25690914,0
2018,8260986,10771,7,2018,"I",03-JUL-07,"Y","F","C","2018_07_NB0900000_NIBRS",25698853,0
2018,8356636,10771,8,2018,"I",29-OCT-18,"Y","F","C","2018_08_NB0900000_NIBRS",28254405,0
2018,8357650,10771,9,2018,"I",29-OCT-18,"Y","F","C","2018_09_NB0900000_NIBRS",28249559,0
2018,8388287,10771,10,2018,"I",21-DEC-18,"Y","F","C","2018_10_NB0900000_NIBRS",29333512,0
2018,8438464,10771,11,2018,"I",23-JAN-19,"Y","F","C","2018_11_NB0900000_NIBRS",31047866,0
2018,8438465,10771,12,2018,"I",23-JAN-19,"Y","F","C","2018_12_NB0900000_NIBRS",31056418,0
2018,7928914,10662,1,2018,"I",03-JAN-01,"Y","F","C","2018_01_NB0470000_NIBRS",25652892,0
2018,7928918,10662,2,2018,"I",03-FEB-02,"Y","F","C","2018_02_NB0470000_NIBRS",25657089,0
2018,7976550,10662,3,2018,"I",03-MAR-03,"Y","F","C","2018_03_NB0470000_NIBRS",25690604,0
2018,7976553,10662,4,2018,"I",03-APR-04,"Y","F","C","2018_04_NB0470000_NIBRS",25690606,0
2018,8002078,10662,5,2018,"I",03-MAY-05,"Y","F","C","2018_05_NB0470000_NIBRS",25698405,0
2018,8260982,10662,6,2018,"I",03-JUN-06,"Y","F","C","2018_06_NB0470000_NIBRS",25698411,0
2018,8357630,10662,7,2018,"I",29-OCT-18,"Y","F","C","2018_07_NB0470000_NIBRS",28248094,0
2018,8358612,10662,8,2018,"I",29-OCT-18,"Y","F","C","2018_08_NB0470000_NIBRS",58031622,0
2018,8358613,10662,9,2018,"I",29-OCT-18,"Y","F","C","2018_09_NB0470000_NIBRS",47616450,0
2018,8436407,10662,10,2018,"I",23-JAN-19,"Y","F","C","2018_10_NB0470000_NIBRS",47616457,0
2018,8438426,10662,11,2018,"I",23-JAN-19,"Y","F","C","2018_11_NB0470000_NIBRS",31035632,0
2018,8442772,10662,12,2018,"I",23-JAN-19,"Y","F","C","2018_12_NB0470000_NIBRS",42721415,0
2018,7928847,10600,1,2018,"I",03-JAN-01,"Y","F","C","2018_01_NB0210100_NIBRS",34923819,0
2018,7928848,10600,2,2018,"I",03-FEB-02,"Y","F","C","2018_02_NB0210100_NIBRS",25695155,0
2018,7976133,10600,3,2018,"I",03-MAR-03,"Y","F","C","2018_03_NB0210100_NIBRS",25651925,0
2018,7976134,10600,4,2018,"I",03-APR-04,"Y","F","C","2018_04_NB0210100_NIBRS",25695157,0
2018,8001376,10600,5,2018,"I",03-MAY-05,"Y","F","C","2018_05_NB0210100_NIBRS",25690266,0
2018,8001378,10600,6,2018,"I",03-JUN-06,"Y","F","C","2018_06_NB0210100_NIBRS",25690269,0
2018,8258219,10600,7,2018,"I",03-JUL-07,"Y","F","C","2018_07_NB0210100_NIBRS",38683349,0
2018,8356605,10600,8,2018,"I",29-OCT-18,"Y","F","C","2018_08_NB0210100_NIBRS",28239701,0
2018,8357617,10600,9,2018,"I",29-OCT-18,"Y","F","C","2018_09_NB0210100_NIBRS",28247792,0
2018,8388265,10600,10,2018,"I",21-DEC-18,"Y","F","C","2018_10_NB0210100_NIBRS",29327709,0
2018,8442753,10600,11,2018,"I",23-JAN-19,"Y","F","C","2018_11_NB0210100_NIBRS",31046375,0
2018,8436381,10600,12,2018,"I",23-JAN-19,"Y","F","C","2018_12_NB0210100_NIBRS",34923810,0
2018,7928895,10668,1,2018,"I",03-JAN-01,"Y","F","C","2018_01_NB0500000_NIBRS",25657790,0
2018,7952697,10668,2,2018,"I",03-FEB-02,"Y","F","C","2018_02_NB0500000_NIBRS",25653730,0
2018,7977298,10668,3,2018,"I",03-MAR-03,"Y","F","C","2018_03_NB0500000_NIBRS",25657798,0
2018,7977302,10668,4,2018,"I",03-APR-04,"Y","F","C","2018_04_NB0500000_NIBRS",25653747,0
2018,8002129,10668,5,2018,"I",03-MAY-05,"Y","F","C","2018_05_NB0500000_NIBRS",25695104,0
2018,8002130,10668,6,2018,"I",03-JUN-06,"Y","F","C","2018_06_NB0500000_NIBRS",25691517,0
2018,8125039,10668,7,2018,"I",03-JUL-07,"Y","F","C","2018_07_NB0500000_NIBRS",25706181,0
2018,8356614,10668,8,2018,"I",29-OCT-18,"Y","F","C","2018_08_NB0500000_NIBRS",28248178,0
2018,8356615,10668,9,2018,"I",29-OCT-18,"Y","F","C","2018_09_NB0500000_NIBRS",28253371,0
2018,8442775,10668,10,2018,"I",23-JAN-19,"Y","F","C","2018_10_NB0500000_NIBRS",31046821,0
2018,8438428,10668,11,2018,"I",23-JAN-19,"Y","F","C","2018_11_NB0500000_NIBRS",31035672,0
2018,8442776,10668,12,2018,"I",23-JAN-19,"Y","F","C","2018_12_NB0500000_NIBRS",31051176,0
2018,7952591,10725,1,2018,"I",03-JAN-01,"Y","F","C","2018_01_NB0730000_NIBRS",47616764,0
2018,8649810,10725,2,2018,"I",21-FEB-19,"Y","F","C","2018_02_NB0730000_NIBRS",47616769,0
2018,7976555,10725,3,2018,"I",03-MAR-03,"Y","F","C","2018_03_NB0730000_NIBRS",47616777,0
2018,8649811,10725,4,2018,"I",21-FEB-19,"Y","F","C","2018_04_NB0730000_NIBRS",49389186,0
2018,8002094,10725,5,2018,"I",03-MAY-05,"Y","F","C","2018_05_NB0730000_NIBRS",58042019,0
2018,8002096,10725,6,2018,"I",03-JUN-06,"Y","F","C","2018_06_NB0730000_NIBRS",49389204,0
2018,8388713,10725,7,2018,"I",21-DEC-18,"Y","F","C","2018_07_NB0730000_NIBRS",49380041,0
2018,8388288,10725,8,2018,"I",21-DEC-18,"Y","F","C","2018_08_NB0730000_NIBRS",47613770,0
2018,8388714,10725,9,2018,"I",21-DEC-18,"Y","F","C","2018_09_NB0730000_NIBRS",47613773,0
2018,8438467,10725,10,2018,"I",23-JAN-19,"Y","F","C","2018_10_NB0730000_NIBRS",49389193,0
2018,8442804,10725,11,2018,"I",23-JAN-19,"Y","F","C","2018_11_NB0730000_NIBRS",49389205,0
2018,8442805,10725,12,2018,"I",23-JAN-19,"Y","F","C","2018_12_NB0730000_NIBRS",47613782,0
2018,7831255,10711,1,2018,"I",,"Y","G","C","2018_01_NB0680000_NIBRS",29328868,0
2018,8388275,10711,2,2018,"I",21-DEC-18,"Y","F","C","2018_02_NB0680000_NIBRS",31051290,0
2018,8438434,10711,3,2018,"I",23-JAN-19,"Y","F","C","2018_03_NB0680000_NIBRS",31035778,0
2018,8436426,10711,4,2018,"I",23-JAN-19,"Y","F","C","2018_04_NB0680000_NIBRS",31046948,0
2018,8442784,10711,5,2018,"I",23-JAN-19,"Y","F","C","2018_05_NB0680000_NIBRS",31051301,0
2018,8438435,10711,6,2018,"I",23-JAN-19,"Y","F","C","2018_06_NB0680000_NIBRS",31046953,0
2018,8438437,10711,7,2018,"I",23-JAN-19,"Y","F","C","2018_07_NB0680000_NIBRS",31035796,0
2018,8436428,10711,8,2018,"I",23-JAN-19,"Y","F","C","2018_08_NB0680000_NIBRS",31035798,0
2018,8436429,10711,9,2018,"I",23-JAN-19,"Y","F","C","2018_09_NB0680000_NIBRS",31051316,0
2018,8442785,10711,10,2018,"I",23-JAN-19,"Y","F","C","2018_10_NB0680000_NIBRS",31051317,0
2018,8436430,10711,11,2018,"I",23-JAN-19,"Y","F","C","2018_11_NB0680000_NIBRS",31035808,0
2018,8436431,10711,12,2018,"I",23-JAN-19,"Y","F","C","2018_12_NB0680000_NIBRS",34925185,0
2018,7928829,10588,1,2018,"I",03-JAN-01,"Y","F","C","2018_01_NB0170000_NIBRS",25632688,0
2018,7952380,10588,2,2018,"I",03-FEB-02,"Y","F","C","2018_02_NB0170000_NIBRS",25652345,0
2018,7976172,10588,3,2018,"I",03-MAR-03,"Y","F","C","2018_03_NB0170000_NIBRS",29322681,0
2018,7976174,10588,4,2018,"I",03-APR-04,"Y","F","C","2018_04_NB0170000_NIBRS",29327347,0
2018,8001379,10588,5,2018,"I",03-MAY-05,"Y","F","C","2018_05_NB0170000_NIBRS",58040123,0
2018,8001382,10588,6,2018,"I",03-JUN-06,"Y","F","C","2018_06_NB0170000_NIBRS",58023717,0
2018,8124046,10588,7,2018,"I",03-JUL-07,"Y","F","C","2018_07_NB0170000_NIBRS",31034231,0
2018,8357612,10588,8,2018,"I",29-OCT-18,"Y","F","C","2018_08_NB0170000_NIBRS",28252264,0
2018,8357613,10588,9,2018,"I",29-OCT-18,"Y","F","C","2018_09_NB0170000_NIBRS",28252272,0
2018,8382197,10588,10,2018,"I",21-DEC-18,"Y","F","C","2018_10_NB0170000_NIBRS",58023724,0
2018,8436370,10588,11,2018,"I",23-JAN-19,"Y","F","C","2018_11_NB0170000_NIBRS",31044987,0
2018,8436371,10588,12,2018,"I",23-JAN-19,"Y","F","C","2018_12_NB0170000_NIBRS",31034240,0
2018,7928865,10696,1,2018,"I",03-JAN-01,"Y","F","C","2018_01_NB0610100_NIBRS",25659403,0
2018,7976136,10696,2,2018,"I",03-FEB-02,"Y","F","C","2018_02_NB0610100_NIBRS",25656354,0
2018,7976142,10696,3,2018,"I",03-MAR-03,"Y","F","C","2018_03_NB0610100_NIBRS",25656370,0
2018,7976145,10696,4,2018,"I",03-APR-04,"Y","F","C","2018_04_NB0610100_NIBRS",25659409,0
2018,7999368,10696,5,2018,"I",03-MAY-05,"Y","F","C","2018_05_NB0610100_NIBRS",25659413,0
2018,8258236,10696,6,2018,"I",03-JUN-06,"Y","F","C","2018_06_NB0610100_NIBRS",25694814,0
2018,8358620,10696,7,2018,"I",29-OCT-18,"Y","F","C","2018_07_NB0610100_NIBRS",28240258,0
2018,8357635,10696,8,2018,"I",29-OCT-18,"Y","F","C","2018_08_NB0610100_NIBRS",28248239,0
2018,8382204,10696,9,2018,"I",21-DEC-18,"Y","F","C","2018_09_NB0610100_NIBRS",31051222,0
2018,8388273,10696,10,2018,"I",21-DEC-18,"Y","F","C","2018_10_NB0610100_NIBRS",61799907,0
2018,8436422,10696,11,2018,"I",23-JAN-19,"Y","F","C","2018_11_NB0610100_NIBRS",61803359,0
2018,8436423,10696,12,2018,"I",23-JAN-19,"Y","F","C","2018_12_NB0610100_NIBRS",61793364,0
2018,7928868,10757,1,2018,"I",03-JAN-01,"Y","F","C","2018_01_NB0820000_NIBRS",25631737,0
2018,7928869,10757,2,2018,"I",03-FEB-02,"Y","F","C","2018_02_NB0820000_NIBRS",25636448,0
2018,8002119,10757,3,2018,"I",03-MAR-03,"Y","F","C","2018_03_NB0820000_NIBRS",25691414,0
2018,8002120,10757,4,2018,"I",03-APR-04,"Y","F","C","2018_04_NB0820000_NIBRS",47617149,0
2018,8002121,10757,5,2018,"I",03-MAY-05,"Y","F","C","2018_05_NB0820000_NIBRS",25689988,0
2018,7999745,10751,2,2018,"I",03-FEB-02,"Y","F","C","2018_02_NB0800000_NIBRS",25684125,0
2018,7999746,10751,3,2018,"I",03-MAR-03,"Y","F","C","2018_03_NB0800000_NIBRS",25687415,0
2018,7999748,10751,4,2018,"I",03-APR-04,"Y","F","C","2018_04_NB0800000_NIBRS",25687419,0
2018,8258235,10751,5,2018,"I",03-MAY-05,"Y","F","C","2018_05_NB0800000_NIBRS",25698827,0
2018,8123027,10751,6,2018,"I",03-JUN-06,"Y","F","C","2018_06_NB0800000_NIBRS",25700444,0
2018,8124031,10751,7,2018,"I",03-JUL-07,"Y","F","C","2018_07_NB0800000_NIBRS",25699564,0
2018,8357644,10751,8,2018,"I",29-OCT-18,"Y","F","C","2018_08_NB0800000_NIBRS",28248874,0
2018,8382208,10751,9,2018,"I",21-DEC-18,"Y","F","C","2018_09_NB0800000_NIBRS",29333418,0
2018,8442796,10751,10,2018,"I",23-JAN-19,"Y","F","C","2018_10_NB0800000_NIBRS",31056080,0
2018,8438446,10751,11,2018,"I",23-JAN-19,"Y","F","C","2018_11_NB0800000_NIBRS",31051593,0
2018,8649807,10751,12,2018,"I",21-FEB-19,"Y","F","C","2018_12_NB0800000_NIBRS",34932314,0
2018,7928892,10689,1,2018,"I",03-JAN-01,"Y","F","C","2018_01_NB0600000_NIBRS",25636551,0
2018,7952692,10689,2,2018,"I",03-FEB-02,"Y","F","C","2018_02_NB0600000_NIBRS",25656755,0
2018,7976400,10689,3,2018,"I",03-MAR-03,"Y","F","C","2018_03_NB0600000_NIBRS",28240222,0
2018,7976427,10689,4,2018,"I",03-APR-04,"Y","F","C","2018_04_NB0600000_NIBRS",49388845,0
2018,8002112,10689,5,2018,"I",03-MAY-05,"Y","F","C","2018_05_NB0600000_NIBRS",49388850,0
2018,8002113,10689,6,2018,"I",03-JUN-06,"Y","F","C","2018_06_NB0600000_NIBRS",28248209,0
2018,8125032,10689,7,2018,"I",03-JUL-07,"Y","F","C","2018_07_NB0600000_NIBRS",58041767,0
2018,8356618,10689,8,2018,"I",29-OCT-18,"Y","F","C","2018_08_NB0600000_NIBRS",49379787,0
2018,8358619,10689,9,2018,"I",29-OCT-18,"Y","F","C","2018_09_NB0600000_NIBRS",34924660,0
2018,8382206,10689,10,2018,"I",21-DEC-18,"Y","F","C","2018_10_NB0600000_NIBRS",31046866,0
2018,8436416,10689,11,2018,"I",23-JAN-19,"Y","F","C","2018_11_NB0600000_NIBRS",61803217,0
2018,8436420,10689,12,2018,"I",23-JAN-19,"Y","F","C","2018_12_NB0600000_NIBRS",63987079,0
2018,7952707,10707,1,2018,"I",03-JAN-01,"Y","F","C","2018_01_NB0660000_NIBRS",25690990,0
2018,8002116,10707,2,2018,"I",03-FEB-02,"Y","F","C","2018_02_NB0660000_NIBRS",25689541,0
2018,8002117,10707,3,2018,"I",03-MAR-03,"Y","F","C","2018_03_NB0660000_NIBRS",28240291,0
2018,8357638,10707,4,2018,"I",29-OCT-18,"Y","F","C","2018_04_NB0660000_NIBRS",28253464,0
2018,7928853,10557,1,2018,"I",03-JAN-01,"Y","F","C","2018_01_NB0070100_NIBRS",25636136,0
2018,7928855,10557,2,2018,"I",03-FEB-02,"Y","F","C","2018_02_NB0070100_NIBRS",25652640,0
2018,7976537,10557,3,2018,"I",03-MAR-03,"Y","F","C","2018_03_NB0070100_NIBRS",31033335,0
2018,7976544,10557,4,2018,"I",03-APR-04,"Y","F","C","2018_04_NB0070100_NIBRS",25656934,0
2018,8002082,10557,5,2018,"I",03-MAY-05,"Y","F","C","2018_05_NB0070100_NIBRS",25690678,0
2018,8002083,10557,6,2018,"I",03-JUN-06,"Y","F","C","2018_06_NB0070100_NIBRS",25690693,0
2018,8124048,10557,7,2018,"I",03-JUL-07,"Y","F","C","2018_07_NB0070100_NIBRS",25706209,0
2018,8356594,10557,8,2018,"I",29-OCT-18,"Y","F","C","2018_08_NB0070100_NIBRS",28251739,0
2018,8356593,10557,9,2018,"I",29-OCT-18,"Y","F","C","2018_09_NB0070100_NIBRS",29326861,0
2018,8388693,10557,10,2018,"I",21-DEC-18,"Y","F","C","2018_10_NB0070100_NIBRS",31039272,0
2018,8438387,10557,11,2018,"I",23-JAN-19,"Y","F","C","2018_11_NB0070100_NIBRS",31043915,0
2018,8436363,10557,12,2018,"I",23-JAN-19,"Y","F","C","2018_12_NB0070100_NIBRS",34923060,0
2018,7928610,10770,1,2018,"I",03-JAN-01,"Y","F","C","2018_01_NB0890100_NIBRS",25657989,0
2018,7975116,10770,2,2018,"I",03-FEB-02,"Y","F","C","2018_02_NB0890100_NIBRS",34932571,0
2018,7975117,10770,3,2018,"I",03-MAR-03,"Y","F","C","2018_03_NB0890100_NIBRS",25653956,0
2018,7975121,10770,4,2018,"I",03-APR-04,"Y","F","C","2018_04_NB0890100_NIBRS",25658004,0
2018,7999019,10770,5,2018,"I",03-MAY-05,"Y","F","C","2018_05_NB0890100_NIBRS",29333509,0
2018,7999021,10770,6,2018,"I",03-JUN-06,"Y","F","C","2018_06_NB0890100_NIBRS",38683923,0
2018,8258221,10770,7,2018,"I",03-JUL-07,"Y","F","C","2018_07_NB0890100_NIBRS",58048702,0
2018,8356598,10770,8,2018,"I",29-OCT-18,"Y","F","C","2018_08_NB0890100_NIBRS",31056281,0
2018,8356599,10770,9,2018,"I",29-OCT-18,"Y","F","C","2018_09_NB0890100_NIBRS",47606562,0
2018,8388712,10770,10,2018,"I",21-DEC-18,"Y","F","C","2018_10_NB0890100_NIBRS",34932581,0
2018,8442802,10770,11,2018,"I",23-JAN-19,"Y","F","C","2018_11_NB0890100_NIBRS",34932589,0
2018,8438463,10770,12,2018,"I",23-JAN-19,"Y","F","C","2018_12_NB0890100_NIBRS",34932559,0
2018,7928882,10572,1,2018,"I",03-JAN-01,"Y","F","C","2018_01_NB0120000_NIBRS",25631818,0
2018,7952712,10572,2,2018,"I",03-FEB-02,"Y","F","C","2018_02_NB0120000_NIBRS",25642403,0
2018,7999793,10572,3,2018,"I",03-MAR-03,"Y","F","C","2018_03_NB0120000_NIBRS",25670605,0
2018,7999794,10572,4,2018,"I",03-APR-04,"Y","F","C","2018_04_NB0120000_NIBRS",25688285,0
2018,7999796,10572,5,2018,"I",03-MAY-05,"Y","F","C","2018_05_NB0120000_NIBRS",25702018,0
2018,8125035,10572,6,2018,"I",03-JUN-06,"Y","F","C","2018_06_NB0120000_NIBRS",25706109,0
2018,8125036,10572,7,2018,"I",03-JUL-07,"Y","F","C","2018_07_NB0120000_NIBRS",25706133,0
2018,8357607,10572,8,2018,"I",29-OCT-18,"Y","F","C","2018_08_NB0120000_NIBRS",28246810,0
2018,8436365,10572,9,2018,"I",23-JAN-19,"Y","F","C","2018_09_NB0120000_NIBRS",31039706,0
2018,8436366,10572,10,2018,"I",23-JAN-19,"Y","F","C","2018_10_NB0120000_NIBRS",31033701,0
2018,8438389,10572,11,2018,"I",23-JAN-19,"Y","F","C","2018_11_NB0120000_NIBRS",31039708,0
2018,8442743,10572,12,2018,"I",23-JAN-19,"Y","F","C","2018_12_NB0120000_NIBRS",31039714,0
2018,7952704,10639,1,2018,"I",03-JAN-01,"Y","F","C","2018_01_NB0340000_NIBRS",49384333,0
2018,7952705,10639,2,2018,"I",03-FEB-02,"Y","F","C","2018_02_NB0340000_NIBRS",25688630,0
2018,8000583,10639,3,2018,"I",03-MAR-03,"Y","F","C","2018_03_NB0340000_NIBRS",25701714,0
2018,8000688,10639,4,2018,"I",03-APR-04,"Y","F","C","2018_04_NB0340000_NIBRS",31051064,0
2018,8125030,10639,5,2018,"I",03-MAY-05,"Y","F","C","2018_05_NB0340000_NIBRS",25705778,0
2018,8125031,10639,6,2018,"I",03-JUN-06,"Y","F","C","2018_06_NB0340000_NIBRS",31046693,0
2018,8124042,10639,7,2018,"I",03-JUL-07,"Y","F","C","2018_07_NB0340000_NIBRS",31035562,0
2018,8438419,10639,8,2018,"I",23-JAN-19,"Y","F","C","2018_08_NB0340000_NIBRS",58031448,0
2018,8438421,10639,9,2018,"I",23-JAN-19,"Y","F","C","2018_09_NB0340000_NIBRS",49384343,0
2018,8438422,10639,10,2018,"I",23-JAN-19,"Y","F","C","2018_10_NB0340000_NIBRS",49379407,0
2018,8442762,10639,11,2018,"I",23-JAN-19,"Y","F","C","2018_11_NB0340000_NIBRS",58031443,0
2018,8649796,10639,12,2018,"I",21-FEB-19,"Y","F","C","2018_12_NB0340000_NIBRS",42705944,0
2018,7976546,10747,1,2018,"I",03-JAN-01,"Y","F","C","2018_01_NB0790200_NIBRS",25687759,0
2018,7976549,10747,2,2018,"I",03-FEB-02,"Y","F","C","2018_02_NB0790200_NIBRS",25687760,0
2018,7976551,10747,3,2018,"I",03-MAR-03,"Y","F","C","2018_03_NB0790200_NIBRS",25687755,0
2018,7999779,10747,4,2018,"I",03-APR-04,"Y","F","C","2018_04_NB0790200_NIBRS",25687768,0
2018,7999780,10747,5,2018,"I",03-MAY-05,"Y","F","C","2018_05_NB0790200_NIBRS",25698323,0
2018,8258231,10747,6,2018,"I",03-JUN-06,"Y","F","C","2018_06_NB0790200_NIBRS",28248676,0
2018,8260980,10747,7,2018,"I",03-JUL-07,"Y","F","C","2018_07_NB0790200_NIBRS",28253792,0
2018,8356628,10747,8,2018,"I",29-OCT-18,"Y","F","C","2018_08_NB0790200_NIBRS",28253800,0
2018,8358639,10747,9,2018,"I",29-OCT-18,"Y","F","C","2018_09_NB0790200_NIBRS",38679069,0
2018,8763155,10747,10,2018,"I",18-MAR-19,"Y","F","C","2018_10_NB0790200_NIBRS",38679051,0
2018,8763156,10747,11,2018,"I",18-MAR-19,"Y","F","C","2018_11_NB0790200_NIBRS",38686385,0
2018,8757860,10747,12,2018,"I",18-MAR-19,"Y","F","C","2018_12_NB0790200_NIBRS",38686384,0
2018,7928866,10599,1,2018,"I",03-JAN-01,"Y","F","C","2018_01_NB0210000_NIBRS",25636344,0
2018,7928867,10599,2,2018,"I",03-FEB-02,"Y","F","C","2018_02_NB0210000_NIBRS",25631634,0
2018,7976119,10599,3,2018,"I",03-MAR-03,"Y","F","C","2018_03_NB0210000_NIBRS",25691557,0
2018,7976120,10599,4,2018,"I",03-APR-04,"Y","F","C","2018_04_NB0210000_NIBRS",25691568,0
2018,8001380,10599,5,2018,"I",03-MAY-05,"Y","F","C","2018_05_NB0210000_NIBRS",25691561,0
2018,8260967,10599,6,2018,"I",03-JUN-06,"Y","F","C","2018_06_NB0210000_NIBRS",25695160,0
2018,8260968,10599,7,2018,"I",03-JUL-07,"Y","F","C","2018_07_NB0210000_NIBRS",28239177,0
2018,8358599,10599,8,2018,"I",29-OCT-18,"Y","F","C","2018_08_NB0210000_NIBRS",28247409,0
2018,8358600,10599,9,2018,"I",29-OCT-18,"Y","F","C","2018_09_NB0210000_NIBRS",28239184,0
2018,8382198,10599,10,2018,"I",21-DEC-18,"Y","F","C","2018_10_NB0210000_NIBRS",29332243,0
2018,8438400,10599,11,2018,"I",23-JAN-19,"Y","F","C","2018_11_NB0210000_NIBRS",31046359,0
2018,8436379,10599,12,2018,"I",23-JAN-19,"Y","F","C","2018_12_NB0210000_NIBRS",31045744,0
2018,7928874,10776,1,2018,"I",03-JAN-01,"Y","F","C","2018_01_NB0930000_NIBRS",25652342,0
2018,7952724,10776,2,2018,"I",03-FEB-02,"Y","F","C","2018_02_NB0930000_NIBRS",25652333,0
2018,7976165,10776,3,2018,"I",03-MAR-03,"Y","F","C","2018_03_NB0930000_NIBRS",25656673,0
2018,7976168,10776,4,2018,"I",03-APR-04,"Y","F","C","2018_04_NB0930000_NIBRS",25652348,0
2018,8002079,10776,5,2018,"I",03-MAY-05,"Y","F","C","2018_05_NB0930000_NIBRS",25689219,0
2018,8002080,10776,6,2018,"I",03-JUN-06,"Y","F","C","2018_06_NB0930000_NIBRS",25690663,0
2018,8258247,10776,7,2018,"I",03-JUL-07,"Y","F","C","2018_07_NB0930000_NIBRS",25699119,0
2018,8356637,10776,8,2018,"I",29-OCT-18,"Y","F","C","2018_08_NB0930000_NIBRS",28254486,0
2018,8357651,10776,9,2018,"I",29-OCT-18,"Y","F","C","2018_09_NB0930000_NIBRS",28254492,0
2018,8442803,10776,10,2018,"I",23-JAN-19,"Y","F","C","2018_10_NB0930000_NIBRS",31048019,0
2018,8438466,10776,11,2018,"I",23-JAN-19,"Y","F","C","2018_11_NB0930000_NIBRS",31048021,0
2018,8649809,10776,12,2018,"I",21-FEB-19,"Y","F","C","2018_12_NB0930000_NIBRS",42717381,0
2018,7928858,10752,1,2018,"I",03-JAN-01,"Y","F","C","2018_01_NB0800100_NIBRS",29326470,0
2018,7928859,10752,2,2018,"I",03-FEB-02,"Y","F","C","2018_02_NB0800100_NIBRS",29326475,0
2018,7976152,10752,3,2018,"I",03-MAR-03,"Y","F","C","2018_03_NB0800100_NIBRS",29326467,0
2018,7976156,10752,4,2018,"I",03-APR-04,"Y","F","C","2018_04_NB0800100_NIBRS",25691764,0
2018,8001619,10752,5,2018,"I",03-MAY-05,"Y","F","C","2018_05_NB0800100_NIBRS",25690572,0
2018,8001836,10752,6,2018,"I",03-JUN-06,"Y","F","C","2018_06_NB0800100_NIBRS",25689102,0
2018,8260970,10752,7,2018,"I",03-JUL-07,"Y","F","C","2018_07_NB0800100_NIBRS",28248908,0
2018,8357645,10752,8,2018,"I",29-OCT-18,"Y","F","C","2018_08_NB0800100_NIBRS",28240966,0
2018,8356633,10752,9,2018,"I",29-OCT-18,"Y","F","C","2018_09_NB0800100_NIBRS",34927317,0
2018,8388254,10752,10,2018,"I",21-DEC-18,"Y","F","C","2018_10_NB0800100_NIBRS",31051621,0
2018,8436437,10752,11,2018,"I",23-JAN-19,"Y","F","C","2018_11_NB0800100_NIBRS",38686397,0
2018,8438449,10752,12,2018,"I",23-JAN-19,"Y","F","C","2018_12_NB0800100_NIBRS",31051627,0
2018,8124054,10595,7,2018,"I",03-JUL-07,"Y","F","C","2018_07_NB0200000_NIBRS",28239153,0
2018,8356603,10595,8,2018,"I",29-OCT-18,"Y","F","C","2018_08_NB0200000_NIBRS",29327363,0
2018,8358598,10595,9,2018,"I",29-OCT-18,"Y","F","C","2018_09_NB0200000_NIBRS",31035246,0
2018,8442748,10595,10,2018,"I",23-JAN-19,"Y","F","C","2018_10_NB0200000_NIBRS",31035233,0
2018,8438397,10595,11,2018,"I",23-JAN-19,"Y","F","C","2018_11_NB0200000_NIBRS",38678384,0
2018,8442749,10595,12,2018,"I",23-JAN-19,"Y","F","C","2018_12_NB0200000_NIBRS",38683197,0
2018,7952330,10734,1,2018,"I",03-JAN-01,"Y","F","C","2018_01_NB0760200_NIBRS",25632231,0
2018,7952332,10734,2,2018,"I",03-FEB-02,"Y","F","C","2018_02_NB0760200_NIBRS",58042248,0
2018,7976735,10734,3,2018,"I",03-MAR-03,"Y","F","C","2018_03_NB0760200_NIBRS",58047002,0
2018,8000580,10734,4,2018,"I",03-APR-04,"Y","F","C","2018_04_NB0760200_NIBRS",25699267,0
2018,8000812,10734,5,2018,"I",03-MAY-05,"Y","F","C","2018_05_NB0760200_NIBRS",58051915,0
2018,8124018,10734,6,2018,"I",03-JUN-06,"Y","F","C","2018_06_NB0760200_NIBRS",58051917,0
2018,8123019,10734,7,2018,"I",03-JUL-07,"Y","F","C","2018_07_NB0760200_NIBRS",58047011,0
2018,8649805,10734,8,2018,"I",21-FEB-19,"Y","F","C","2018_08_NB0760200_NIBRS",34932100,0
2018,8649806,10734,9,2018,"I",21-FEB-19,"Y","F","C","2018_09_NB0760200_NIBRS",49385114,0
2018,8778803,10734,10,2018,"I",19-MAR-19,"Y","F","C","2018_10_NB0760200_NIBRS",39169875,0
2018,8778804,10734,11,2018,"I",19-MAR-19,"Y","F","C","2018_11_NB0760200_NIBRS",39169876,0
2018,8778805,10734,12,2018,"I",19-MAR-19,"Y","F","C","2018_12_NB0760200_NIBRS",58042274,0
2018,7952326,10543,1,2018,"I",03-JAN-01,"Y","F","C","2018_01_NB0010000_NIBRS",25698238,0
2018,7952324,10543,2,2018,"I",03-FEB-02,"Y","F","C","2018_02_NB0010000_NIBRS",25632223,0
2018,8258226,10543,3,2018,"I",03-MAR-03,"Y","F","C","2018_03_NB0010000_NIBRS",25694242,0
2018,8258227,10543,4,2018,"I",03-APR-04,"Y","F","C","2018_04_NB0010000_NIBRS",25698224,0
2018,8260979,10543,5,2018,"I",03-MAY-05,"Y","F","C","2018_05_NB0010000_NIBRS",25694257,0
2018,8123035,10543,6,2018,"I",03-JUN-06,"Y","F","C","2018_06_NB0010000_NIBRS",25706135,0
2018,8124047,10543,7,2018,"I",03-JUL-07,"Y","F","C","2018_07_NB0010000_NIBRS",25706139,0
2018,8388255,10543,8,2018,"I",21-DEC-18,"Y","F","C","2018_08_NB0010000_NIBRS",66092448,0
2018,8388257,10543,9,2018,"I",21-DEC-18,"Y","F","C","2018_09_NB0010000_NIBRS",47606561,0
2018,8436360,10543,10,2018,"I",23-JAN-19,"Y","F","C","2018_10_NB0010000_NIBRS",31033057,0
2018,8438385,10543,11,2018,"I",23-JAN-19,"Y","F","C","2018_11_NB0010000_NIBRS",58038047,0
2018,8436359,10543,12,2018,"I",23-JAN-19,"Y","F","C","2018_12_NB0010000_NIBRS",47603442,0
2018,8002131,10630,4,2018,"I",03-APR-04,"Y","F","C","2018_04_NB0300000_NIBRS",25670723,0
2018,8002132,10630,5,2018,"I",03-MAY-05,"Y","F","C","2018_05_NB0300000_NIBRS",42916077,0
2018,8002133,10630,6,2018,"I",03-JUN-06,"Y","F","C","2018_06_NB0300000_NIBRS",42911124,0
2018,8258242,10630,7,2018,"I",03-JUL-07,"Y","F","C","2018_07_NB0300000_NIBRS",29323782,0
2018,8358608,10630,8,2018,"I",29-OCT-18,"Y","F","C","2018_08_NB0300000_NIBRS",28247974,0
2018,8388270,10630,9,2018,"I",21-DEC-18,"Y","F","C","2018_09_NB0300000_NIBRS",29332993,0
2018,8388271,10630,10,2018,"I",21-DEC-18,"Y","F","C","2018_10_NB0300000_NIBRS",66109732,0
2018,8442758,10630,11,2018,"I",23-JAN-19,"Y","F","C","2018_11_NB0300000_NIBRS",66109735,0
2018,8649795,10630,12,2018,"I",21-FEB-19,"Y","F","C","2018_12_NB0300000_NIBRS",34915367,0
2018,8438396,10594,1,2018,"I",23-JAN-19,"Y","F","C","2018_01_NB0190100_NIBRS",31035205,0
2018,8436374,10594,2,2018,"I",23-JAN-19,"Y","F","C","2018_02_NB0190100_NIBRS",31046324,0
2018,8436375,10594,3,2018,"I",23-JAN-19,"Y","F","C","2018_03_NB0190100_NIBRS",31035234,0
2018,8438398,10594,4,2018,"I",23-JAN-19,"Y","F","C","2018_04_NB0190100_NIBRS",31035238,0
2018,8442750,10594,5,2018,"I",23-JAN-19,"Y","F","C","2018_05_NB0190100_NIBRS",31035242,0
2018,8436376,10594,6,2018,"I",23-JAN-19,"Y","F","C","2018_06_NB0190100_NIBRS",31045729,0
2018,8436377,10594,7,2018,"I",23-JAN-19,"Y","F","C","2018_07_NB0190100_NIBRS",31035250,0
2018,8436378,10594,8,2018,"I",23-JAN-19,"Y","F","C","2018_08_NB0190100_NIBRS",31046355,0
2018,8438401,10594,9,2018,"I",23-JAN-19,"Y","F","C","2018_09_NB0190100_NIBRS",31035255,0
2018,8438402,10594,10,2018,"I",23-JAN-19,"Y","F","C","2018_10_NB0190100_NIBRS",31045751,0
2018,8436380,10594,11,2018,"I",23-JAN-19,"Y","F","C","2018_11_NB0190100_NIBRS",31045752,0
2018,8442752,10594,12,2018,"I",23-JAN-19,"Y","F","C","2018_12_NB0190100_NIBRS",34923535,0
2018,7952709,10764,1,2018,"I",03-JAN-01,"Y","F","C","2018_01_NB0870000_NIBRS",25647094,0
2018,7952710,10764,2,2018,"I",03-FEB-02,"Y","F","C","2018_02_NB0870000_NIBRS",28256066,0
2018,8002125,10764,3,2018,"I",03-MAR-03,"Y","F","C","2018_03_NB0870000_NIBRS",25695016,0
2018,8002123,10764,4,2018,"I",03-APR-04,"Y","F","C","2018_04_NB0870000_NIBRS",25691428,0
2018,8002124,10764,5,2018,"I",03-MAY-05,"Y","F","C","2018_05_NB0870000_NIBRS",25695012,0
2018,8125050,10764,6,2018,"I",03-JUN-06,"Y","F","C","2018_06_NB0870000_NIBRS",25706498,0
2018,8356634,10764,7,2018,"I",29-OCT-18,"Y","F","C","2018_07_NB0870000_NIBRS",28254067,0
2018,8356635,10764,8,2018,"I",29-OCT-18,"Y","F","C","2018_08_NB0870000_NIBRS",31047486,0
2018,8357646,10764,9,2018,"I",29-OCT-18,"Y","F","C","2018_09_NB0870000_NIBRS",28254076,0
2018,8436439,10764,10,2018,"I",23-JAN-19,"Y","F","C","2018_10_NB0870000_NIBRS",31051755,0
2018,8442800,10764,11,2018,"I",23-JAN-19,"Y","F","C","2018_11_NB0870000_NIBRS",47609034,0
2018,8436440,10764,12,2018,"I",23-JAN-19,"Y","F","C","2018_12_NB0870000_NIBRS",31047490,0
2018,7952583,10608,1,2018,"I",03-JAN-01,"Y","F","C","2018_01_NB0240000_NIBRS",25638407,0
2018,7952584,10608,2,2018,"I",03-FEB-02,"Y","F","C","2018_02_NB0240000_NIBRS",25656404,0
2018,7976146,10608,3,2018,"I",03-MAR-03,"Y","F","C","2018_03_NB0240000_NIBRS",25652033,0
2018,7976148,10608,4,2018,"I",03-APR-04,"Y","F","C","2018_04_NB0240000_NIBRS",25700294,0
2018,8002114,10608,5,2018,"I",03-MAY-05,"Y","F","C","2018_05_NB0240000_NIBRS",25690971,0
2018,8124026,10608,6,2018,"I",03-JUN-06,"Y","F","C","2018_06_NB0240000_NIBRS",29327725,0
2018,8125019,10608,7,2018,"I",03-JUL-07,"Y","F","C","2018_07_NB0240000_NIBRS",58024864,0
2018,7926405,10736,1,2018,"I",03-JAN-01,"Y","F","C","2018_01_NB0770000_NIBRS",61801126,0
2018,7952718,10736,2,2018,"I",03-FEB-02,"Y","F","C","2018_02_NB0770000_NIBRS",58052165,0
2018,8124030,10736,3,2018,"I",03-MAR-03,"Y","F","C","2018_03_NB0770000_NIBRS",58047106,0
2018,8124032,10736,4,2018,"I",03-APR-04,"Y","F","C","2018_04_NB0770000_NIBRS",49385251,0
2018,8123029,10736,5,2018,"I",03-MAY-05,"Y","F","C","2018_05_NB0770000_NIBRS",61803987,0
2018,8125024,10736,6,2018,"I",03-JUN-06,"Y","F","C","2018_06_NB0770000_NIBRS",61801432,0
2018,8124033,10736,7,2018,"I",03-JUL-07,"Y","F","C","2018_07_NB0770000_NIBRS",61800915,0
2018,8356626,10736,8,2018,"I",29-OCT-18,"Y","F","C","2018_08_NB0770000_NIBRS",61793965,0
2018,8358636,10736,9,2018,"I",29-OCT-18,"Y","F","C","2018_09_NB0770000_NIBRS",61793974,0
2018,8388709,10736,10,2018,"I",21-DEC-18,"Y","F","C","2018_10_NB0770000_NIBRS",61803950,0
2018,8438447,10736,11,2018,"I",23-JAN-19,"Y","F","C","2018_11_NB0770000_NIBRS",61804114,0
2018,8438448,10736,12,2018,"I",23-JAN-19,"Y","F","C","2018_12_NB0770000_NIBRS",61803964,0
2018,8002097,10618,1,2018,"I",03-JAN-01,"Y","F","C","2018_01_NB0280000_NIBRS",25692471,0
2018,8002095,10618,2,2018,"I",03-FEB-02,"Y","F","C","2018_02_NB0280000_NIBRS",25696044,0
2018,8002093,10618,3,2018,"I",03-MAR-03,"Y","F","C","2018_03_NB0280000_NIBRS",47603612,0
2018,8002091,10618,4,2018,"I",03-APR-04,"Y","F","C","2018_04_NB0280000_NIBRS",61792422,0
2018,8002104,10618,5,2018,"I",03-MAY-05,"Y","F","C","2018_05_NB0280000_NIBRS",63974887,0
2018,8002107,10618,6,2018,"I",03-JUN-06,"Y","F","C","2018_06_NB0280000_NIBRS",47603514,0
2018,8260975,10618,7,2018,"I",03-JUL-07,"Y","F","C","2018_07_NB0280000_NIBRS",61797786,0
2018,8356596,10618,8,2018,"I",29-OCT-18,"Y","F","C","2018_08_NB0280000_NIBRS",61801767,0
2018,8356597,10618,9,2018,"I",29-OCT-18,"Y","F","C","2018_09_NB0280000_NIBRS",66108606,0
2018,8388256,10618,10,2018,"I",21-DEC-18,"Y","F","C","2018_10_NB0280000_NIBRS",58037928,0
2018,8442740,10618,11,2018,"I",23-JAN-19,"Y","F","C","2018_11_NB0280000_NIBRS",66108580,0
2018,8438382,10618,12,2018,"I",23-JAN-19,"Y","F","C","2018_12_NB0280000_NIBRS",66108565,0
2018,7830022,10650,1,2018,"I",03-JAN-01,"Y","F","C","2018_01_NB0400100_NIBRS",66108631,0
2018,7926963,10650,2,2018,"I",03-FEB-02,"Y","F","C","2018_02_NB0400100_NIBRS",61797909,0
2018,7952378,10650,3,2018,"I",03-MAR-03,"Y","F","C","2018_03_NB0400100_NIBRS",66092500,0
2018,7975946,10650,4,2018,"I",03-APR-04,"Y","F","C","2018_04_NB0400100_NIBRS",61797800,0
2018,7975947,10650,5,2018,"I",03-MAY-05,"Y","F","C","2018_05_NB0400100_NIBRS",66108691,0
2018,7999309,10650,6,2018,"I",03-JUN-06,"Y","F","C","2018_06_NB0400100_NIBRS",66108724,0
2018,7999310,10650,7,2018,"I",03-JUL-07,"Y","F","C","2018_07_NB0400100_NIBRS",63981062,0
2018,8258461,10650,8,2018,"I",,"Y","G","C","2018_08_NB0400100_NIBRS",66108745,0
2018,8358595,10650,9,2018,"I",29-OCT-18,"Y","F","C","2018_09_NB0400100_NIBRS",63981067,0
2018,8358596,10650,10,2018,"I",29-OCT-18,"Y","F","C","2018_10_NB0400100_NIBRS",66108775,0
2018,8388694,10650,11,2018,"I",21-DEC-18,"Y","F","C","2018_11_NB0400100_NIBRS",66092549,0
2018,8436361,10650,12,2018,"I",23-JAN-19,"Y","F","C","2018_12_NB0400100_NIBRS",66108822,0
2018,7928684,10737,1,2018,"I",03-JAN-01,"Y","F","C","2018_01_NB0770100_NIBRS",63983899,0
2018,7952337,10737,2,2018,"I",03-FEB-02,"Y","F","C","2018_02_NB0770100_NIBRS",47608753,0
2018,7975134,10737,3,2018,"I",03-MAR-03,"Y","F","C","2018_03_NB0770100_NIBRS",47608587,0
2018,7977665,10737,4,2018,"I",,"Y","G","C","2018_04_NB0770100_NIBRS",66094140,0
2018,7999747,10737,5,2018,"I",03-MAY-05,"Y","F","C","2018_05_NB0770100_NIBRS",66094240,0
2018,7999749,10737,6,2018,"I",03-JUN-06,"Y","F","C","2018_06_NB0770100_NIBRS",49385273,0
2018,8260972,10737,7,2018,"I",03-JUL-07,"Y","F","C","2018_07_NB0770100_NIBRS",47613728,0
2018,8358640,10737,8,2018,"I",29-OCT-18,"Y","F","C","2018_08_NB0770100_NIBRS",58042655,0
2018,8356630,10737,9,2018,"I",29-OCT-18,"Y","F","C","2018_09_NB0770100_NIBRS",61801333,0
2018,8388710,10737,10,2018,"I",21-DEC-18,"Y","F","C","2018_10_NB0770100_NIBRS",66110540,0
2018,8438451,10737,11,2018,"I",23-JAN-19,"Y","F","C","2018_11_NB0770100_NIBRS",49380364,0
2018,8436438,10737,12,2018,"I",23-JAN-19,"Y","F","C","2018_12_NB0770100_NIBRS",58047367,0
2018,7831256,10544,1,2018,"I",,"Y","G","C","2018_01_NB0010100_NIBRS",63974891,0
2018,7928631,10544,2,2018,"I",03-FEB-02,"Y","F","C","2018_02_NB0010100_NIBRS",25652310,0
2018,7953427,10544,3,2018,"I",,"Y","G","C","2018_03_NB0010100_NIBRS",42911015,0
2018,7976159,10544,4,2018,"I",03-APR-04,"Y","F","C","2018_04_NB0010100_NIBRS",28238443,0
2018,7999008,10544,5,2018,"I",03-MAY-05,"Y","F","C","2018_05_NB0010100_NIBRS",28251782,0
2018,7999013,10544,6,2018,"I",03-JUN-06,"Y","F","C","2018_06_NB0010100_NIBRS",31033089,0
2018,8123028,10544,7,2018,"I",03-JUL-07,"Y","F","C","2018_07_NB0010100_NIBRS",63974898,0
2018,8356595,10544,8,2018,"I",29-OCT-18,"Y","F","C","2018_08_NB0010100_NIBRS",42716461,0
2018,8357608,10544,9,2018,"I",29-OCT-18,"Y","F","C","2018_09_NB0010100_NIBRS",49355873,0
2018,8388691,10544,10,2018,"I",21-DEC-18,"Y","F","C","2018_10_NB0010100_NIBRS",49381654,0
2018,8438386,10544,11,2018,"I",23-JAN-19,"Y","F","C","2018_11_NB0010100_NIBRS",63974885,0
2018,8436362,10544,12,2018,"I",23-JAN-19,"Y","F","C","2018_12_NB0010100_NIBRS",63982843,0
2018,7926408,10690,1,2018,"I",03-JAN-01,"Y","F","C","2018_01_NB0600100_NIBRS",63987080,0
2018,7952382,10690,2,2018,"I",03-FEB-02,"Y","F","C","2018_02_NB0600100_NIBRS",63983587,0
2018,7975957,10690,3,2018,"I",03-MAR-03,"Y","F","C","2018_03_NB0600100_NIBRS",63976535,0
2018,7999050,10690,4,2018,"I",03-APR-04,"Y","F","C","2018_04_NB0600100_NIBRS",63987113,0
2018,7999055,10690,5,2018,"I",03-MAY-05,"Y","F","C","2018_05_NB0600100_NIBRS",63976560,0
2018,8260976,10690,6,2018,"I",03-JUN-06,"Y","F","C","2018_06_NB0600100_NIBRS",63976567,0
2018,8260977,10690,7,2018,"I",03-JUL-07,"Y","F","C","2018_07_NB0600100_NIBRS",63976571,0
2018,8357647,10690,8,2018,"I",29-OCT-18,"Y","F","C","2018_08_NB0600100_NIBRS",63987139,0
2018,8358643,10690,9,2018,"I",29-OCT-18,"Y","F","C","2018_09_NB0600100_NIBRS",63987144,0
2018,8388264,10690,10,2018,"I",21-DEC-18,"Y","F","C","2018_10_NB0600100_NIBRS",63976588,0
2018,8442742,10690,11,2018,"I",23-JAN-19,"Y","F","C","2018_11_NB0600100_NIBRS",63976595,0
2018,8646685,10690,12,2018,"I",21-FEB-19,"Y","F","C","2018_12_NB0600100_NIBRS",63976606,0
2018,8125042,10616,1,2018,"I",03-JAN-01,"Y","F","C","2018_01_NB0270100_NIBRS",47608198,0
2018,8125044,10616,2,2018,"I",03-FEB-02,"Y","F","C","2018_02_NB0270100_NIBRS",47616244,0
2018,8125040,10616,3,2018,"I",03-MAR-03,"Y","F","C","2018_03_NB0270100_NIBRS",34924335,0
2018,8123037,10616,4,2018,"I",03-APR-04,"Y","F","C","2018_04_NB0270100_NIBRS",49379253,0
2018,8123038,10616,5,2018,"I",03-MAY-05,"Y","F","C","2018_05_NB0270100_NIBRS",38683427,0
2018,8125043,10616,6,2018,"I",03-JUN-06,"Y","F","C","2018_06_NB0270100_NIBRS",38683419,0
2018,8357625,10616,7,2018,"I",29-OCT-18,"Y","F","C","2018_07_NB0270100_NIBRS",49384179,0
2018,8646680,10616,8,2018,"I",21-FEB-19,"Y","F","C","2018_08_NB0270100_NIBRS",58025356,0
2018,8649801,10616,9,2018,"I",21-FEB-19,"Y","F","C","2018_09_NB0270100_NIBRS",47616198,0
2018,8646684,10616,10,2018,"I",21-FEB-19,"Y","F","C","2018_10_NB0270100_NIBRS",49379290,0
2018,8757859,10616,11,2018,"I",18-MAR-19,"Y","F","C","2018_11_NB0270100_NIBRS",58025312,0
2018,8763153,10616,12,2018,"I",18-MAR-19,"Y","F","C","2018_12_NB0270100_NIBRS",58031321,0
2018,7976099,10563,1,2018,"I",03-JAN-01,"Y","F","C","2018_01_NB0100100_NIBRS",49355878,0
2018,8123024,10563,2,2018,"I",03-FEB-02,"Y","F","C","2018_02_NB0100100_NIBRS",49377327,0
2018,8124028,10563,3,2018,"I",03-MAR-03,"Y","F","C","2018_03_NB0100100_NIBRS",49377330,0
2018,8123025,10563,4,2018,"I",03-APR-04,"Y","F","C","2018_04_NB0100100_NIBRS",58037835,0
2018,8125023,10563,5,2018,"I",03-MAY-05,"Y","F","C","2018_05_NB0100100_NIBRS",49377341,0
2018,8123026,10563,6,2018,"I",03-JUN-06,"Y","F","C","2018_06_NB0100100_NIBRS",49355900,0
2018,8124029,10563,7,2018,"I",03-JUL-07,"Y","F","C","2018_07_NB0100100_NIBRS",58037829,0
2018,8358592,10563,8,2018,"I",29-OCT-18,"Y","F","C","2018_08_NB0100100_NIBRS",58027890,0
2018,8388692,10563,9,2018,"I",21-DEC-18,"Y","F","C","2018_09_NB0100100_NIBRS",58027895,0
2018,8436358,10563,10,2018,"I",23-JAN-19,"Y","F","C","2018_10_NB0100100_NIBRS",58037862,0
2018,8438383,10563,11,2018,"I",23-JAN-19,"Y","F","C","2018_11_NB0100100_NIBRS",58037901,0
2018,8646676,10563,12,2018,"I",21-FEB-19,"Y","F","C","2018_12_NB0100100_NIBRS",58037871,0
2018,7831254,10685,1,2018,"I",,"Y","G","C","2018_01_NB0560100_NIBRS",61803192,0
2018,7931154,10685,2,2018,"I",,"Y","G","C","2018_02_NB0560100_NIBRS",61803198,0
2018,7953429,10685,3,2018,"I",,"Y","G","C","2018_03_NB0560100_NIBRS",61803208,0
2018,7975136,10685,4,2018,"I",03-APR-04,"Y","F","C","2018_04_NB0560100_NIBRS",61799754,0
2018,7999034,10685,5,2018,"I",03-MAY-05,"Y","F","C","2018_05_NB0560100_NIBRS",66093868,0
2018,7999038,10685,6,2018,"I",03-JUN-06,"Y","F","C","2018_06_NB0560100_NIBRS",58041903,0
2018,8260971,10685,7,2018,"I",03-JUL-07,"Y","F","C","2018_07_NB0560100_NIBRS",63986959,0
2018,8258460,10685,8,2018,"I",,"Y","G","C","2018_08_NB0560100_NIBRS",63986960,0
2018,8357642,10685,9,2018,"I",29-OCT-18,"Y","F","C","2018_09_NB0560100_NIBRS",58026545,0
2018,8357116,10685,10,2018,"I",,"Y","G","C","2018_10_NB0560100_NIBRS",66110039,0
2018,8436357,10685,11,2018,"I",23-JAN-19,"Y","F","C","2018_11_NB0560100_NIBRS",66114616,0
2018,8438384,10685,12,2018,"I",23-JAN-19,"Y","F","C","2018_12_NB0560100_NIBRS",61803245,0
2018,7928887,10738,1,2018,"I",03-JAN-01,"Y","F","C","2018_01_NB0770200_NIBRS",31035944,0
2018,7952713,10738,2,2018,"I",03-FEB-02,"Y","F","C","2018_02_NB0770200_NIBRS",49389490,0
2018,7977300,10738,3,2018,"I",03-MAR-03,"Y","F","C","2018_03_NB0770200_NIBRS",61801384,0
2018,7977303,10738,4,2018,"I",03-APR-04,"Y","F","C","2018_04_NB0770200_NIBRS",47616762,0
2018,8002085,10738,5,2018,"I",03-MAY-05,"Y","F","C","2018_05_NB0770200_NIBRS",58042614,0
2018,8002089,10738,6,2018,"I",03-JUN-06,"Y","F","C","2018_06_NB0770200_NIBRS",58042568,0
2018,8260973,10738,7,2018,"I",03-JUL-07,"Y","F","C","2018_07_NB0770200_NIBRS",49380315,0
2018,8357639,10738,8,2018,"I",29-OCT-18,"Y","F","C","2018_08_NB0770200_NIBRS",58047441,0
2018,8382207,10738,9,2018,"I",21-DEC-18,"Y","F","C","2018_09_NB0770200_NIBRS",61794113,0
2018,8388282,10738,10,2018,"I",21-DEC-18,"Y","F","C","2018_10_NB0770200_NIBRS",66110394,0
2018,8436436,10738,11,2018,"I",23-JAN-19,"Y","F","C","2018_11_NB0770200_NIBRS",49389512,0
2018,8438442,10738,12,2018,"I",23-JAN-19,"Y","F","C","2018_12_NB0770200_NIBRS",66110398,0
2018,7928638,10740,1,2018,"I",03-JAN-01,"Y","F","C","2018_01_NB0770400_NIBRS",66110574,0
2018,7928639,10740,2,2018,"I",03-FEB-02,"Y","F","C","2018_02_NB0770400_NIBRS",38678158,0
2018,7975978,10740,3,2018,"I",03-MAR-03,"Y","F","C","2018_03_NB0770400_NIBRS",49385322,0
2018,7975979,10740,4,2018,"I",03-APR-04,"Y","F","C","2018_04_NB0770400_NIBRS",38675717,0
2018,7999364,10740,5,2018,"I",03-MAY-05,"Y","F","C","2018_05_NB0770400_NIBRS",31035974,0
2018,7999365,10740,6,2018,"I",03-JUN-06,"Y","F","C","2018_06_NB0770400_NIBRS",58047520,0
2018,8260974,10740,7,2018,"I",03-JUL-07,"Y","F","C","2018_07_NB0770400_NIBRS",42906169,0
2018,8358633,10740,8,2018,"I",29-OCT-18,"Y","F","C","2018_08_NB0770400_NIBRS",31051503,0
2018,8357640,10740,9,2018,"I",29-OCT-18,"Y","F","C","2018_09_NB0770400_NIBRS",31051511,0
2018,8388708,10740,10,2018,"I",21-DEC-18,"Y","F","C","2018_10_NB0770400_NIBRS",61801430,0
2018,8442792,10740,11,2018,"I",23-JAN-19,"Y","F","C","2018_11_NB0770400_NIBRS",58047527,0
2018,8438443,10740,12,2018,"I",23-JAN-19,"Y","F","C","2018_12_NB0770400_NIBRS",61801478,0
2018,7928789,10612,1,2018,"I",03-JAN-01,"Y","F","C","2018_01_NB0250000_NIBRS",66109680,0
2018,7952338,10612,2,2018,"I",03-FEB-02,"Y","F","C","2018_02_NB0250000_NIBRS",66109682,0
2018,7976123,10612,3,2018,"I",03-MAR-03,"Y","F","C","2018_03_NB0250000_NIBRS",66109685,0
2018,8125048,10612,4,2018,"I",03-APR-04,"Y","F","C","2018_04_NB0250000_NIBRS",66093558,0
2018,8123042,10612,5,2018,"I",03-MAY-05,"Y","F","C","2018_05_NB0250000_NIBRS",66093565,0
2018,8124056,10612,6,2018,"I",03-JUN-06,"Y","F","C","2018_06_NB0250000_NIBRS",66093571,0
2018,8125049,10612,7,2018,"I",03-JUL-07,"Y","F","C","2018_07_NB0250000_NIBRS",66093579,0
2018,8356608,10612,8,2018,"I",29-OCT-18,"Y","F","C","2018_08_NB0250000_NIBRS",66093584,0
2018,8438407,10612,9,2018,"I",23-JAN-19,"Y","F","C","2018_09_NB0250000_NIBRS",34915336,0
2018,8436390,10612,10,2018,"I",23-JAN-19,"Y","F","C","2018_10_NB0250000_NIBRS",66109688,0
2018,8649794,10612,11,2018,"I",21-FEB-19,"Y","F","C","2018_11_NB0250000_NIBRS",34915327,0
2018,8646678,10612,12,2018,"I",21-FEB-19,"Y","F","C","2018_12_NB0250000_NIBRS",34924297,0
2018,8649802,10692,1,2018,"Z",21-FEB-19,"Y","F","C","2018_01_NB0600300_NIBRS",34924681,0
2018,7952720,10692,2,2018,"I",03-FEB-02,"Y","F","C","2018_02_NB0600300_NIBRS",25642493,0
2018,7976563,10692,3,2018,"I",03-MAR-03,"Y","F","C","2018_03_NB0600300_NIBRS",25657166,0
2018,7976564,10692,4,2018,"I",03-APR-04,"Y","F","C","2018_04_NB0600300_NIBRS",25652959,0
2018,8002115,10692,5,2018,"I",03-MAY-05,"Y","F","C","2018_05_NB0600300_NIBRS",25690987,0
2018,8124055,10692,6,2018,"I",03-JUN-06,"Y","F","C","2018_06_NB0600300_NIBRS",25702259,0
2018,8124057,10692,7,2018,"I",03-JUL-07,"Y","F","C","2018_07_NB0600300_NIBRS",42717311,0
2018,8356617,10692,8,2018,"I",29-OCT-18,"Y","F","C","2018_08_NB0600300_NIBRS",28248213,0
2018,8356622,10692,9,2018,"I",29-OCT-18,"Y","F","C","2018_09_NB0600300_NIBRS",29333089,0
2018,8388702,10692,10,2018,"I",21-DEC-18,"Y","F","C","2018_10_NB0600300_NIBRS",29323897,0
2018,8436418,10692,11,2018,"I",23-JAN-19,"Y","F","C","2018_11_NB0600300_NIBRS",31051210,0
2018,8436419,10692,12,2018,"I",23-JAN-19,"Y","F","C","2018_12_NB0600300_NIBRS",42726581,0
2018,7952698,10663,1,2018,"I",03-JAN-01,"Y","F","C","2018_01_NB0470100_NIBRS",25642323,0
2018,7952701,10663,2,2018,"I",03-FEB-02,"Y","F","C","2018_02_NB0470100_NIBRS",25647044,0
2018,7976151,10663,3,2018,"I",03-MAR-03,"Y","F","C","2018_03_NB0470100_NIBRS",25694780,0
2018,8260985,10663,4,2018,"I",03-APR-04,"Y","F","C","2018_04_NB0470100_NIBRS",25698848,0
2018,8125033,10663,5,2018,"I",03-MAY-05,"Y","F","C","2018_05_NB0470100_NIBRS",25705896,0
2018,8357631,10663,6,2018,"I",29-OCT-18,"Y","F","C","2018_06_NB0470100_NIBRS",28253314,0
2018,8125034,10663,7,2018,"I",03-JUL-07,"Y","F","C","2018_07_NB0470100_NIBRS",25705902,0
2018,8357632,10663,8,2018,"I",29-OCT-18,"Y","F","C","2018_08_NB0470100_NIBRS",28253315,0
2018,8382209,10663,9,2018,"Z",21-DEC-18,"Y","F","C","2018_09_NB0470100_NIBRS",29324336,0
2018,8649797,10663,10,2018,"I",21-FEB-19,"Y","F","C","2018_10_NB0470100_NIBRS",34924441,0
2018,8646681,10663,11,2018,"I",21-FEB-19,"Y","F","C","2018_11_NB0470100_NIBRS",34915430,0
2018,8646683,10663,12,2018,"Z",21-FEB-19,"Y","F","C","2018_12_NB0470100_NIBRS",34915432,0
2018,7928840,10768,1,2018,"I",03-JAN-01,"Y","F","C","2018_01_NB0880100_NIBRS",25636057,0
2018,7952711,10768,2,2018,"I",03-FEB-02,"Y","F","C","2018_02_NB0880100_NIBRS",25656805,0
2018,7976532,10768,3,2018,"I",03-MAR-03,"Y","F","C","2018_03_NB0880100_NIBRS",25656799,0
2018,7976540,10768,4,2018,"I",03-APR-04,"Y","F","C","2018_04_NB0880100_NIBRS",38683931,0
2018,8001401,10768,5,2018,"I",03-MAY-05,"Y","F","C","2018_05_NB0880100_NIBRS",25688977,0
2018,8001402,10768,6,2018,"I",03-JUN-06,"Y","F","C","2018_06_NB0880100_NIBRS",25688979,0
2018,8357648,10768,7,2018,"I",29-OCT-18,"Y","F","C","2018_07_NB0880100_NIBRS",42721686,0
2018,8436442,10768,8,2018,"I",23-JAN-19,"Y","F","C","2018_08_NB0880100_NIBRS",38683912,0
2018,8436443,10768,9,2018,"I",23-JAN-19,"Y","F","C","2018_09_NB0880100_NIBRS",38683918,0
2018,8438458,10768,10,2018,"I",23-JAN-19,"Y","F","C","2018_10_NB0880100_NIBRS",38679118,0
2018,8438459,10768,11,2018,"I",23-JAN-19,"Y","F","C","2018_11_NB0880100_NIBRS",66094491,0
2018,8438460,10768,12,2018,"I",23-JAN-19,"Y","F","C","2018_12_NB0880100_NIBRS",66114881,0
2018,8649812,10748,1,2018,"Z",21-FEB-19,"Y","F","C","2018_01_NB0790300_NIBRS",34932808,0
2018,7928915,10748,2,2018,"I",03-FEB-02,"Y","F","C","2018_02_NB0790300_NIBRS",25631987,0
2018,8258228,10748,3,2018,"I",03-MAR-03,"Y","F","C","2018_03_NB0790300_NIBRS",25694308,0
2018,8258229,10748,4,2018,"I",03-APR-04,"Y","F","C","2018_04_NB0790300_NIBRS",25694315,0
2018,8649813,10748,5,2018,"Z",21-FEB-19,"Y","F","C","2018_05_NB0790300_NIBRS",34932815,0
2018,8258230,10748,6,2018,"I",03-JUN-06,"Y","F","C","2018_06_NB0790300_NIBRS",25698308,0
2018,8357643,10748,7,2018,"I",29-OCT-18,"Y","F","C","2018_07_NB0790300_NIBRS",28253892,0
2018,8356631,10748,8,2018,"I",29-OCT-18,"Y","F","C","2018_08_NB0790300_NIBRS",28248794,0
2018,8358641,10748,9,2018,"I",29-OCT-18,"Y","F","C","2018_09_NB0790300_NIBRS",28248797,0
2018,8442795,10748,10,2018,"Z",23-JAN-19,"Y","F","C","2018_10_NB0790300_NIBRS",31047263,0
2018,8438444,10748,11,2018,"I",23-JAN-19,"Y","F","C","2018_11_NB0790300_NIBRS",31047252,0
2018,8438445,10748,12,2018,"I",23-JAN-19,"Y","F","C","2018_12_NB0790300_NIBRS",31047260,0
2018,8436401,10645,7,2018,"I",23-JAN-19,"Y","F","C","2018_07_NB0360100_NIBRS",47608254,0
2018,8442764,10645,8,2018,"I",23-JAN-19,"Y","F","C","2018_08_NB0360100_NIBRS",47613369,0
2018,8442766,10645,9,2018,"I",23-JAN-19,"Y","F","C","2018_09_NB0360100_NIBRS",47616283,0
2018,8438425,10645,10,2018,"I",23-JAN-19,"Y","F","C","2018_10_NB0360100_NIBRS",47613377,0
2018,8436405,10645,11,2018,"I",23-JAN-19,"Y","F","C","2018_11_NB0360100_NIBRS",47608267,0
2018,8442770,10645,12,2018,"Z",23-JAN-19,"Y","F","C","2018_12_NB0360100_NIBRS",31035622,0
2018,7952684,10604,1,2018,"I",03-JAN-01,"Y","F","C","2018_01_NB0220300_NIBRS",25646638,0
2018,7952683,10604,2,2018,"I",03-FEB-02,"Y","F","C","2018_02_NB0220300_NIBRS",25646633,0
2018,8649793,10604,3,2018,"Z",21-FEB-19,"Y","F","C","2018_03_NB0220300_NIBRS",34923912,0
2018,8258232,10604,4,2018,"I",03-APR-04,"Y","F","C","2018_04_NB0220300_NIBRS",25694416,0
2018,8260981,10604,5,2018,"I",03-MAY-05,"Y","F","C","2018_05_NB0220300_NIBRS",25698410,0
2018,8125041,10604,6,2018,"I",03-JUN-06,"Y","F","C","2018_06_NB0220300_NIBRS",25702106,0
2018,8124049,10604,7,2018,"I",03-JUL-07,"Y","F","C","2018_07_NB0220300_NIBRS",28253003,0
2018,8357618,10604,8,2018,"I",29-OCT-18,"Y","F","C","2018_08_NB0220300_NIBRS",28253001,0
2018,8358601,10604,9,2018,"I",29-OCT-18,"Y","F","C","2018_09_NB0220300_NIBRS",28247802,0
2018,8436384,10604,10,2018,"Z",23-JAN-19,"Y","F","C","2018_10_NB0220300_NIBRS",31035283,0
2018,8436382,10604,11,2018,"I",23-JAN-19,"Y","F","C","2018_11_NB0220300_NIBRS",31045762,0
2018,8436383,10604,12,2018,"I",23-JAN-19,"Y","F","C","2018_12_NB0220300_NIBRS",31035277,0
2018,8382210,10775,10,2018,"Z",21-DEC-18,"Y","F","C","2018_10_NB0920000_NIBRS",29333617,0
2018,8438468,10775,11,2018,"Z",23-JAN-19,"Y","F","C","2018_11_NB0920000_NIBRS",31048031,0
2018,8649808,10775,12,2018,"I",21-FEB-19,"Y","F","C","2018_12_NB0920000_NIBRS",34932622,0
2018,8442763,10644,1,2018,"Z",23-JAN-19,"Y","F","C","2018_01_NB0360000_NIBRS",31046727,0
2018,8436398,10644,2,2018,"Z",23-JAN-19,"Y","F","C","2018_02_NB0360000_NIBRS",31035589,0
2018,8436399,10644,3,2018,"Z",23-JAN-19,"Y","F","C","2018_03_NB0360000_NIBRS",31035598,0
2018,8436400,10644,4,2018,"Z",23-JAN-19,"Y","F","C","2018_04_NB0360000_NIBRS",31035603,0
2018,8438424,10644,5,2018,"Z",23-JAN-19,"Y","F","C","2018_05_NB0360000_NIBRS",31046734,0
2018,8436404,10644,6,2018,"Z",23-JAN-19,"Y","F","C","2018_06_NB0360000_NIBRS",31035610,0
2018,8436397,10644,7,2018,"I",23-JAN-19,"Y","F","C","2018_07_NB0360000_NIBRS",58031569,0
2018,8438423,10644,8,2018,"I",23-JAN-19,"Y","F","C","2018_08_NB0360000_NIBRS",58025808,0
2018,8442767,10644,9,2018,"Z",23-JAN-19,"Y","F","C","2018_09_NB0360000_NIBRS",31051095,0
2018,8442768,10644,10,2018,"Z",23-JAN-19,"Y","F","C","2018_10_NB0360000_NIBRS",31051100,0
2018,8442769,10644,11,2018,"Z",23-JAN-19,"Y","F","C","2018_11_NB0360000_NIBRS",31046750,0
2018,7928823,25753,1,2018,"I",03-JAN-01,"Y","F","C","2018_01_NB0100600_NIBRS",25631131,0
2018,7928825,25753,2,2018,"I",03-FEB-02,"Y","F","C","2018_02_NB0100600_NIBRS",25631136,0
2018,7976169,25753,3,2018,"I",03-MAR-03,"Y","F","C","2018_03_NB0100600_NIBRS",25652335,0
2018,7976170,25753,4,2018,"I",03-APR-04,"Y","F","C","2018_04_NB0100600_NIBRS",25656693,0
2018,8002087,25753,5,2018,"I",03-MAY-05,"Y","F","C","2018_05_NB0100600_NIBRS",25690742,0
2018,8002088,25753,6,2018,"I",03-JUN-06,"Y","F","C","2018_06_NB0100600_NIBRS",25690743,0
2018,8260989,25753,7,2018,"I",03-JUL-07,"Y","F","C","2018_07_NB0100600_NIBRS",25698969,0
2018,8358589,25753,8,2018,"I",29-OCT-18,"Y","F","C","2018_08_NB0100600_NIBRS",28246794,0
2018,8358590,25753,9,2018,"I",29-OCT-18,"Y","F","C","2018_09_NB0100600_NIBRS",28238427,0
2018,8436364,25753,10,2018,"I",23-JAN-19,"Y","F","C","2018_10_NB0100600_NIBRS",31039503,0
2018,8438388,25753,11,2018,"I",23-JAN-19,"Y","F","C","2018_11_NB0100600_NIBRS",31033513,0
2018,8442741,25753,12,2018,"I",23-JAN-19,"Y","F","C","2018_12_NB0100600_NIBRS",34914792,0
2018,8002122,10757,6,2018,"I",03-JUN-06,"Y","F","C","2018_06_NB0820000_NIBRS",47608939,0
2018,8125047,10757,7,2018,"I",03-JUL-07,"Y","F","C","2018_07_NB0820000_NIBRS",47614067,0
2018,8442797,10757,8,2018,"I",23-JAN-19,"Y","F","C","2018_08_NB0820000_NIBRS",49390305,0
2018,8438450,10757,9,2018,"I",23-JAN-19,"Y","F","C","2018_09_NB0820000_NIBRS",47608904,0
2018,8442798,10757,10,2018,"I",23-JAN-19,"Y","F","C","2018_10_NB0820000_NIBRS",47608912,0
2018,8438452,10757,11,2018,"I",23-JAN-19,"Y","F","C","2018_11_NB0820000_NIBRS",47617129,0
2018,8442799,10757,12,2018,"I",23-JAN-19,"Y","F","C","2018_12_NB0820000_NIBRS",49390312,0
2018,10342331,10710,1,2018,"Z",17-OCT-19,"Y","F","C","2018_01_NB0670000_NIBRS",58041947,0
2018,9031050,10710,2,2018,"I",29-MAY-19,"Y","F","C","2018_02_NB0670000_NIBRS",47616627,0
2018,9035908,10710,3,2018,"I",29-MAY-19,"Y","F","C","2018_03_NB0670000_NIBRS",47613591,0
2018,9035910,10710,4,2018,"I",29-MAY-19,"Y","F","C","2018_04_NB0670000_NIBRS",47616594,0
2018,9031046,10710,5,2018,"I",29-MAY-19,"Y","F","C","2018_05_NB0670000_NIBRS",47616575,0
2018,9035909,10710,6,2018,"I",29-MAY-19,"Y","F","C","2018_06_NB0670000_NIBRS",47613603,0
2018,9031047,10710,7,2018,"I",29-MAY-19,"Y","F","C","2018_07_NB0670000_NIBRS",49388996,0
2018,9033535,10710,8,2018,"I",29-MAY-19,"Y","F","C","2018_08_NB0670000_NIBRS",58041941,0
2018,9031048,10710,9,2018,"I",29-MAY-19,"Y","F","C","2018_09_NB0670000_NIBRS",47613614,0
2018,9033536,10710,10,2018,"I",29-MAY-19,"Y","F","C","2018_10_NB0670000_NIBRS",58041586,0
2018,9031049,10710,11,2018,"I",29-MAY-19,"Y","F","C","2018_11_NB0670000_NIBRS",47613623,0
2018,10342332,10710,12,2018,"Z",17-OCT-19,"Y","F","C","2018_12_NB0670000_NIBRS",58041589,0
2018,8438412,10633,1,2018,"Z",23-JAN-19,"Y","F","C","2018_01_NB0320000_NIBRS",31035505,0
2018,8436392,10633,2,2018,"Z",23-JAN-19,"Y","F","C","2018_02_NB0320000_NIBRS",31035509,0
2018,8442759,10633,3,2018,"Z",23-JAN-19,"Y","F","C","2018_03_NB0320000_NIBRS",31035513,0
2018,8442760,10633,4,2018,"Z",23-JAN-19,"Y","F","C","2018_04_NB0320000_NIBRS",31045998,0
2018,8438413,10633,5,2018,"Z",23-JAN-19,"Y","F","C","2018_05_NB0320000_NIBRS",31035523,0
2018,8438414,10633,6,2018,"Z",23-JAN-19,"Y","F","C","2018_06_NB0320000_NIBRS",31035524,0
2018,8438415,10633,7,2018,"Z",23-JAN-19,"Y","F","C","2018_07_NB0320000_NIBRS",31035526,0
2018,8438417,10633,8,2018,"Z",23-JAN-19,"Y","F","C","2018_08_NB0320000_NIBRS",31046010,0
2018,8436395,10633,9,2018,"Z",23-JAN-19,"Y","F","C","2018_09_NB0320000_NIBRS",31051017,0
2018,8438411,10633,10,2018,"I",23-JAN-19,"Y","F","C","2018_10_NB0320000_NIBRS",63976150,0
2018,8438418,10633,11,2018,"I",23-JAN-19,"Y","F","C","2018_11_NB0320000_NIBRS",58025422,0
2018,8436396,10633,12,2018,"Z",23-JAN-19,"Y","F","C","2018_12_NB0320000_NIBRS",31035538,0
2018,7928861,10587,1,2018,"I",03-JAN-01,"Y","F","C","2018_01_NB0160100_NIBRS",34914877,0
2018,7928864,10587,2,2018,"I",03-FEB-02,"Y","F","C","2018_02_NB0160100_NIBRS",34914887,0
2018,7975950,10587,3,2018,"I",03-MAR-03,"Y","F","C","2018_03_NB0160100_NIBRS",34923283,0
2018,7975951,10587,4,2018,"I",03-APR-04,"Y","F","C","2018_04_NB0160100_NIBRS",49382507,0
2018,7999337,10587,5,2018,"I",03-MAY-05,"Y","F","C","2018_05_NB0160100_NIBRS",58027885,0
2018,7999339,10587,6,2018,"I",03-JUN-06,"Y","F","C","2018_06_NB0160100_NIBRS",49386537,0
2018,8260991,10587,7,2018,"I",03-JUL-07,"Y","F","C","2018_07_NB0160100_NIBRS",34923327,0
2018,8358597,10587,8,2018,"I",29-OCT-18,"Y","F","C","2018_08_NB0160100_NIBRS",29327179,0
2018,8388695,10587,9,2018,"I",21-DEC-18,"Y","F","C","2018_09_NB0160100_NIBRS",42716465,0
2018,8388260,10587,10,2018,"I",21-DEC-18,"Y","F","C","2018_10_NB0160100_NIBRS",49382513,0
2018,8442745,10587,11,2018,"I",23-JAN-19,"Y","F","C","2018_11_NB0160100_NIBRS",42716467,0
2018,8436369,10587,12,2018,"I",23-JAN-19,"Y","F","C","2018_12_NB0160100_NIBRS",49382518,0
2018,7952691,10669,1,2018,"I",03-JAN-01,"Y","F","C","2018_01_NB0500100_NIBRS",25642254,0
2018,7952690,10669,2,2018,"I",03-FEB-02,"Y","F","C","2018_02_NB0500100_NIBRS",25646972,0
2018,7976732,10669,3,2018,"I",03-MAR-03,"Y","F","C","2018_03_NB0500100_NIBRS",25653099,0
2018,7976733,10669,4,2018,"I",03-APR-04,"Y","F","C","2018_04_NB0500100_NIBRS",25657279,0
2018,8001408,10669,5,2018,"I",03-MAY-05,"Y","F","C","2018_05_NB0500100_NIBRS",25690496,0
2018,8001410,10669,6,2018,"I",03-JUN-06,"Y","F","C","2018_06_NB0500100_NIBRS",25690501,0
2018,8260988,10669,7,2018,"I",03-JUL-07,"Y","F","C","2018_07_NB0500100_NIBRS",25694823,0
2018,8358616,10669,8,2018,"I",29-OCT-18,"Y","F","C","2018_08_NB0500100_NIBRS",28253374,0
2018,8438427,10669,9,2018,"I",23-JAN-19,"Y","F","C","2018_09_NB0500100_NIBRS",31051171,0
2018,8438429,10669,10,2018,"I",23-JAN-19,"Y","F","C","2018_10_NB0500100_NIBRS",31051175,0
2018,8436412,10669,11,2018,"I",23-JAN-19,"Y","F","C","2018_11_NB0500100_NIBRS",34924501,0
2018,8649800,10669,12,2018,"I",21-FEB-19,"Y","F","C","2018_12_NB0500100_NIBRS",34915466,0
2018,8260992,10623,7,2018,"I",03-JUL-07,"Y","F","C","2018_07_NB0280500_NIBRS",66093541,0
2018,8356610,10623,8,2018,"I",29-OCT-18,"Y","F","C","2018_08_NB0280500_NIBRS",29328701,0
2018,8358607,10623,9,2018,"I",29-OCT-18,"Y","F","C","2018_09_NB0280500_NIBRS",66093546,0
2018,8388269,10623,10,2018,"I",21-DEC-18,"Y","F","C","2018_10_NB0280500_NIBRS",66093555,0
2018,8438409,10623,11,2018,"I",23-JAN-19,"Y","F","C","2018_11_NB0280500_NIBRS",31045967,0
2018,8438410,10623,12,2018,"I",23-JAN-19,"Y","F","C","2018_12_NB0280500_NIBRS",58025346,0
2018,7928875,10584,1,2018,"I",03-JAN-01,"Y","F","C","2018_01_NB0150100_NIBRS",31044826,0
2018,7976539,10584,2,2018,"I",03-FEB-02,"Y","F","C","2018_02_NB0150100_NIBRS",29331888,0
2018,7976543,10584,3,2018,"I",03-MAR-03,"Y","F","C","2018_03_NB0150100_NIBRS",34923233,0
2018,8438394,10584,4,2018,"I",23-JAN-19,"Y","F","C","2018_04_NB0150100_NIBRS",31040210,0
2018,8646675,10584,6,2018,"Z",21-FEB-19,"Y","F","C","2018_06_NB0150100_NIBRS",34923238,0
2018,8258239,10584,7,2018,"I",03-JUL-07,"Y","F","C","2018_07_NB0150100_NIBRS",29327099,0
2018,8358593,10584,8,2018,"I",29-OCT-18,"Y","F","C","2018_08_NB0150100_NIBRS",31034097,0
2018,8358594,10584,9,2018,"I",29-OCT-18,"Y","F","C","2018_09_NB0150100_NIBRS",31034098,0
2018,8436367,10584,10,2018,"I",23-JAN-19,"Y","F","C","2018_10_NB0150100_NIBRS",31040202,0
2018,8436368,10584,11,2018,"I",23-JAN-19,"Y","F","C","2018_11_NB0150100_NIBRS",31040207,0
2018,8438393,10584,12,2018,"I",23-JAN-19,"Y","F","C","2018_12_NB0150100_NIBRS",34923235,0
2018,7928862,10767,1,2018,"I",03-JAN-01,"Y","F","C","2018_01_NB0880000_NIBRS",25636330,0
2018,7928863,10767,2,2018,"I",03-FEB-02,"Y","F","C","2018_02_NB0880000_NIBRS",25636333,0
2018,8646691,10767,3,2018,"Z",21-FEB-19,"Y","F","C","2018_03_NB0880000_NIBRS",34932475,0
2018,7977297,10767,4,2018,"I",03-APR-04,"Y","F","C","2018_04_NB0880000_NIBRS",25657795,0
2018,8001411,10767,5,2018,"I",03-MAY-05,"Y","F","C","2018_05_NB0880000_NIBRS",25689081,0
2018,8001432,10767,6,2018,"I",03-JUN-06,"Y","F","C","2018_06_NB0880000_NIBRS",25689082,0
2018,8438453,10767,7,2018,"I",23-JAN-19,"Y","F","C","2018_07_NB0880000_NIBRS",31051860,0
2018,8438454,10767,8,2018,"I",23-JAN-19,"Y","F","C","2018_08_NB0880000_NIBRS",49381010,0
2018,8438455,10767,9,2018,"I",23-JAN-19,"Y","F","C","2018_09_NB0880000_NIBRS",31047573,0
2018,8438456,10767,10,2018,"I",23-JAN-19,"Y","F","C","2018_10_NB0880000_NIBRS",31051871,0
2018,8436441,10767,11,2018,"I",23-JAN-19,"Y","F","C","2018_11_NB0880000_NIBRS",31051874,0
2018,8438457,10767,12,2018,"I",23-JAN-19,"Y","F","C","2018_12_NB0880000_NIBRS",47617279,0
2018,7928856,10646,1,2018,"I",03-JAN-01,"Y","F","C","2018_01_NB0370000_NIBRS",25631495,0
2018,7952689,10646,2,2018,"I",03-FEB-02,"Y","F","C","2018_02_NB0370000_NIBRS",25642194,0
2018,7976147,10646,3,2018,"I",03-MAR-03,"Y","F","C","2018_03_NB0370000_NIBRS",25652041,0
2018,7976149,10646,4,2018,"I",03-APR-04,"Y","F","C","2018_04_NB0370000_NIBRS",25652052,0
2018,8001388,10646,5,2018,"I",03-MAY-05,"Y","F","C","2018_05_NB0370000_NIBRS",25688859,0
2018,8001389,10646,6,2018,"I",03-JUN-06,"Y","F","C","2018_06_NB0370000_NIBRS",25690346,0
2018,8260993,10646,7,2018,"I",03-JUL-07,"Y","F","C","2018_07_NB0370000_NIBRS",28253212,0
2018,8358609,10646,8,2018,"I",29-OCT-18,"Y","F","C","2018_08_NB0370000_NIBRS",28240057,0
2018,8358610,10646,9,2018,"I",29-OCT-18,"Y","F","C","2018_09_NB0370000_NIBRS",28240062,0
2018,8388699,10646,10,2018,"I",21-DEC-18,"Y","F","C","2018_10_NB0370000_NIBRS",29328728,0
2018,8436402,10646,11,2018,"I",23-JAN-19,"Y","F","C","2018_11_NB0370000_NIBRS",47616282,0
2018,8442765,10646,12,2018,"I",23-JAN-19,"Y","F","C","2018_12_NB0370000_NIBRS",31035608,0
2018,8356607,10608,8,2018,"I",29-OCT-18,"Y","F","C","2018_08_NB0240000_NIBRS",28253027,0
2018,8388697,10608,9,2018,"I",21-DEC-18,"Y","F","C","2018_09_NB0240000_NIBRS",47604762,0
2018,8382199,10608,10,2018,"I",21-DEC-18,"Y","F","C","2018_10_NB0240000_NIBRS",31046430,0
2018,8436385,10608,11,2018,"I",23-JAN-19,"Y","F","C","2018_11_NB0240000_NIBRS",31045801,0
2018,8436388,10608,12,2018,"I",23-JAN-19,"Y","F","C","2018_12_NB0240000_NIBRS",31045813,0
